gene,logFC,logCPM,LR,PValue,FDR
ENSG00000198976.1,3.568679024,-4.901979071,5.111096438,0.023773292,0.995853392
ENSG00000260179.1,1.03302619,-3.071356918,4.482163736,0.034250333,0.995853392
ENSG00000223663.2,4.642947671,-4.511039349,6.788286834,0.009175792,0.995853392
ENSG00000237402.1,3.189401151,-4.995858278,3.920477045,0.047701343,0.995853392
ENSG00000271989.1,3.189414167,-4.995856748,3.920502131,0.047700631,0.995853392
ENSG00000215785.2,3.857035712,-4.815353952,6.042358485,0.013966614,0.995853392
ENSG00000226849.1,4.3097294,-4.654964101,7.865939387,0.005037465,0.995853392
ENSG00000120952.4,3.182540106,-4.996668745,3.907242918,0.048078411,0.995853392
ENSG00000204478.11,3.182540106,-4.996668745,3.907242918,0.048078411,0.995853392
ENSG00000272510.1,3.862949062,-4.814556285,6.588710721,0.010262747,0.995853392
ENSG00000215695.2,3.185981268,-4.996262027,3.913875394,0.047889046,0.995853392
ENSG00000226029.1,0.584983801,-1.5033648,3.878939468,0.048895434,0.995853392
ENSG00000227066.2,3.192864818,-4.99544985,3.927173294,0.047511742,0.995853392
ENSG00000261025.1,3.56546843,-4.902378554,5.103110872,0.023882974,0.995853392
ENSG00000233427.1,3.182540106,-4.996668745,3.907242918,0.048078411,0.995853392
ENSG00000269967.1,3.18596827,-4.996263556,3.913850381,0.047889759,0.995853392
ENSG00000227409.1,2.811259402,-4.444300888,6.221036706,0.012624117,0.995853392
ENSG00000217897.2,2.248339295,-4.654818848,3.881437883,0.048822727,0.995853392
ENSG00000291157.1,1.175797507,-3.145223423,4.645183819,0.031140802,0.995853392
ENSG00000197273.4,1.708803559,-3.65146952,4.888612535,0.027034404,0.995853392
ENSG00000229431.1,1.299286884,-3.096974683,4.305443291,0.037990593,0.995853392
ENSG00000234315.1,3.562212242,-4.902784028,5.095024015,0.023994582,0.995853392
ENSG00000242267.7,3.189427184,-4.995855218,3.920527218,0.047699919,0.995853392
ENSG00000225671.2,3.192851783,-4.995451381,3.927148135,0.047512453,0.995853392
ENSG00000177414.14,3.568679024,-4.901979071,5.111096438,0.023773292,0.995853392
ENSG00000235055.3,3.189427184,-4.995855218,3.920527218,0.047699919,0.995853392
ENSG00000286863.2,1.210679546,-3.410387857,4.33456074,0.037346051,0.995853392
ENSG00000057468.7,1.576690437,-3.577250585,6.615537601,0.010109282,0.995853392
ENSG00000234099.1,3.555759477,-4.903588641,5.079032994,0.024216873,0.995853392
ENSG00000228086.1,3.189414167,-4.995856748,3.920502131,0.047700631,0.995853392
ENSG00000232971.2,3.568703598,-4.901976031,5.111157441,0.023772456,0.995853392
ENSG00000235933.2,3.18596827,-4.996263556,3.913850381,0.047889759,0.995853392
ENSG00000264419.1,3.558984105,-4.903186378,5.087018356,0.024105603,0.995853392
ENSG00000116824.5,3.18596827,-4.996263556,3.913850381,0.047889759,0.995853392
ENSG00000187481.2,3.182540106,-4.996668745,3.907242918,0.048078411,0.995853392
ENSG00000274642.1,2.462421965,-4.579680016,4.520656202,0.033487985,0.995853392
ENSG00000230186.3,3.189414167,-4.995856748,3.920502131,0.047700631,0.995853392
ENSG00000290121.1,1.914691345,-4.145291379,6.054323157,0.013872292,0.995853392
ENSG00000168509.20,3.568715885,-4.901974511,5.111187943,0.023772038,0.995853392
ENSG00000236806.1,3.568679024,-4.901979071,5.111096438,0.023773292,0.995853392
ENSG00000234283.1,3.562224502,-4.902782509,5.095054362,0.023994162,0.995853392
ENSG00000250734.2,3.558996351,-4.903184859,5.087048625,0.024105182,0.995853392
ENSG00000143627.19,2.469965906,-4.580958205,4.55882723,0.032749492,0.995853392
ENSG00000189030.10,3.189401151,-4.995858278,3.920477045,0.047701343,0.995853392
ENSG00000237409.2,3.18596827,-4.996263556,3.913850381,0.047889759,0.995853392
ENSG00000228863.8,3.185981268,-4.996262027,3.913875394,0.047889046,0.995853392
ENSG00000283360.1,2.459463953,-4.578125273,5.239969853,0.022073656,0.995853392
ENSG00000143167.12,2.805925462,-4.443913865,7.602525435,0.00582866,0.995853392
ENSG00000273160.1,3.185981268,-4.996262027,3.913875394,0.047889046,0.995853392
ENSG00000235303.1,3.558996351,-4.903184859,5.087048625,0.024105182,0.995853392
ENSG00000200674.1,2.459511387,-4.580072794,5.243263799,0.022031903,0.995853392
ENSG00000227373.6,1.032702712,-2.675142767,6.452540772,0.011079379,0.995853392
ENSG00000162779.22,1.253539638,-3.617459297,4.703251611,0.030105609,0.995853392
ENSG00000232792.2,3.192864818,-4.99544985,3.927173294,0.047511742,0.995853392
ENSG00000227240.2,3.860528283,-4.814957423,6.02834486,0.014077928,0.995853392
ENSG00000213046.4,3.558984105,-4.903186378,5.087018356,0.024105603,0.995853392
ENSG00000233040.2,4.11351606,-4.73173335,5.851818133,0.015560966,0.995853392
ENSG00000226862.1,3.558984105,-4.903186378,5.087018356,0.024105603,0.995853392
ENSG00000236889.1,3.185981268,-4.996262027,3.913875394,0.047889046,0.995853392
ENSG00000174059.17,2.196484973,-4.318402143,4.364736582,0.036690155,0.995853392
ENSG00000286198.3,2.633765272,-4.50779123,5.575002947,0.018218634,0.995853392
ENSG00000234233.1,3.562224502,-4.902782509,5.095054362,0.023994162,0.995853392
ENSG00000229983.1,3.192838749,-4.995452911,3.927122975,0.047513164,0.995853392
ENSG00000281664.1,4.10910077,-4.731737848,8.124385182,0.004367379,0.995853392
ENSG00000250536.1,2.223787598,-3.993540368,5.464979792,0.019401278,0.995853392
ENSG00000286421.1,3.558984105,-4.903186378,5.087018356,0.024105603,0.995853392
ENSG00000236358.1,3.182540106,-4.996668745,3.907242918,0.048078411,0.995853392
ENSG00000279261.2,3.192838749,-4.995452911,3.927122975,0.047513164,0.995853392
ENSG00000173728.11,3.18596827,-4.996263556,3.913850381,0.047889759,0.995853392
ENSG00000282317.1,3.861456416,-4.814954405,6.963283482,0.008319921,0.995853392
ENSG00000197617.9,3.562212242,-4.902784028,5.095024015,0.023994582,0.995853392
ENSG00000202079.1,1.0850446,-3.475834065,4.007878396,0.045288105,0.995853392
ENSG00000172554.12,4.664796309,-4.509482722,12.74735678,0.000356513,0.995853392
ENSG00000115705.22,4.319107171,-4.653782202,8.934816542,0.002797856,0.995853392
ENSG00000236790.7,1.075196429,-3.200517637,5.140019536,0.023380385,0.995853392
ENSG00000206898.1,3.192838749,-4.995452911,3.927122975,0.047513164,0.995853392
ENSG00000286427.1,1.883860094,-3.411780393,10.66793978,0.001090085,0.995853392
ENSG00000283031.2,1.231324328,-3.123344907,6.52305421,0.010648498,0.995853392
ENSG00000231636.1,2.805421863,-4.440347779,7.535611864,0.006049119,0.995853392
ENSG00000143994.14,1.481575131,-2.964819732,10.2495897,0.00136715,0.995853392
ENSG00000270210.1,1.787061485,-3.614186963,9.278057655,0.002319152,0.995853392
ENSG00000226972.2,1.790022989,-4.201647784,4.538981635,0.033131297,0.995853392
ENSG00000226087.4,1.65200729,-4.042181413,5.128350447,0.023538087,0.995853392
ENSG00000273063.1,2.817411549,-4.442753819,6.421221695,0.011276456,0.995853392
ENSG00000293077.1,3.568703598,-4.901976031,5.111157441,0.023772456,0.995853392
ENSG00000234488.1,1.511717256,-3.616137562,5.204776873,0.022524906,0.995853392
ENSG00000229221.1,2.459517264,-4.581347786,5.243288728,0.022031587,0.995853392
ENSG00000289463.1,0.78797883,-2.111515044,4.050551351,0.044156921,0.995853392
ENSG00000230836.1,3.568691311,-4.901977551,5.111126939,0.023772874,0.995853392
ENSG00000227088.2,3.861456416,-4.814954405,6.963283482,0.008319921,0.995853392
ENSG00000115593.15,2.121243029,-2.673209199,8.435141721,0.003680382,0.995853392
ENSG00000290104.1,3.18596827,-4.996263556,3.913850381,0.047889759,0.995853392
ENSG00000198914.5,1.447032721,-3.413602366,5.209389183,0.022465226,0.995853392
ENSG00000283303.1,4.111070343,-4.731734849,7.309011295,0.006860967,0.995853392
ENSG00000273073.1,1.391962255,-3.544701338,4.030055612,0.044696468,0.995853392
ENSG00000233786.1,3.562224502,-4.902782509,5.095054362,0.023994162,0.995853392
ENSG00000229104.1,2.250360482,-4.654029447,3.849452306,0.049762238,0.995853392
ENSG00000286225.1,2.047253491,-3.859035637,6.045069297,0.013945186,0.995853392
ENSG00000234119.1,3.565443883,-4.902381593,5.103050024,0.023883811,0.995853392
ENSG00000281469.1,3.859316098,-4.815355461,6.617986394,0.010095391,0.995853392
ENSG00000282440.1,3.870451024,-4.814156571,5.402346393,0.020109698,0.995853392
ENSG00000228586.1,3.182540106,-4.996668745,3.907242918,0.048078411,0.995853392
ENSG00000271924.1,2.304466396,-4.25983592,5.355306356,0.020659304,0.995853392
ENSG00000115844.11,2.649050887,-4.511770168,5.103431751,0.023878556,0.995853392
ENSG00000226963.1,3.56546843,-4.902378554,5.103110872,0.023882974,0.995853392
ENSG00000279598.1,3.558984105,-4.903186378,5.087018356,0.024105603,0.995853392
ENSG00000234663.7,1.336630163,-3.143687121,6.294744254,0.012109649,0.995853392
ENSG00000213110.2,3.189414167,-4.995856748,3.920502131,0.047700631,0.995853392
ENSG00000288900.1,3.192851783,-4.995451381,3.927148135,0.047512453,0.995853392
ENSG00000230408.3,3.86800071,-4.814155061,6.001120493,0.014296796,0.995853392
ENSG00000236681.1,3.565456157,-4.902380073,5.103080448,0.023883392,0.995853392
ENSG00000207047.2,3.565456157,-4.902380073,5.103080448,0.023883392,0.995853392
ENSG00000168582.5,3.182540106,-4.996668745,3.907242918,0.048078411,0.995853392
ENSG00000231063.1,3.562236762,-4.90278099,5.095084708,0.023993742,0.995853392
ENSG00000216721.3,3.189414167,-4.995856748,3.920502131,0.047700631,0.995853392
ENSG00000199400.1,1.90728374,-3.894548558,4.616256232,0.03167029,0.995853392
ENSG00000250011.1,3.185981268,-4.996262027,3.913875394,0.047889046,0.995853392
ENSG00000226125.2,1.927929019,-4.147991738,3.919111223,0.047740113,0.995853392
ENSG00000232520.2,4.107150575,-4.732531486,8.176743978,0.004243085,0.995853392
ENSG00000235013.1,3.189427184,-4.995855218,3.920527218,0.047699919,0.995853392
ENSG00000223198.1,2.166211984,-4.3183124,6.06375126,0.013798428,0.995853392
ENSG00000288705.1,3.868015405,-4.814153552,6.001070146,0.014297204,0.995853392
ENSG00000228162.2,3.565443883,-4.902381593,5.103050024,0.023883811,0.995853392
ENSG00000225493.1,3.568679024,-4.901979071,5.111096438,0.023773292,0.995853392
ENSG00000244528.1,3.568679024,-4.901979071,5.111096438,0.023773292,0.995853392
ENSG00000237990.3,3.182540106,-4.996668745,3.907242918,0.048078411,0.995853392
ENSG00000236152.1,1.857039644,-4.44290444,3.90382207,0.048176389,0.995853392
ENSG00000270207.2,3.192838749,-4.995452911,3.927122975,0.047513164,0.995853392
ENSG00000230082.1,0.723486586,-1.988462583,3.946059466,0.046981261,0.995853392
ENSG00000228874.1,3.192838749,-4.995452911,3.927122975,0.047513164,0.995853392
ENSG00000291281.1,3.568728173,-4.901972991,5.111218446,0.02377162,0.995853392
ENSG00000229468.1,3.192864818,-4.99544985,3.927173294,0.047511742,0.995853392
ENSG00000206728.1,3.192864818,-4.99544985,3.927173294,0.047511742,0.995853392
ENSG00000235424.1,3.192851783,-4.995451381,3.927148135,0.047512453,0.995853392
ENSG00000238267.1,3.568679024,-4.901979071,5.111096438,0.023773292,0.995853392
ENSG00000286781.1,3.182540106,-4.996668745,3.907242918,0.048078411,0.995853392
ENSG00000199906.1,1.660254104,-4.257808881,4.188628049,0.040696019,0.995853392
ENSG00000234562.1,3.182540106,-4.996668745,3.907242918,0.048078411,0.995853392
ENSG00000235288.3,3.189401151,-4.995858278,3.920477045,0.047701343,0.995853392
ENSG00000227123.1,3.565456157,-4.902380073,5.103080448,0.023883392,0.995853392
ENSG00000229453.3,4.321053737,-4.653386589,8.905589763,0.00284299,0.995853392
ENSG00000179564.4,1.311573346,-3.856608797,4.258185795,0.039061617,0.995853392
ENSG00000168309.18,3.562212242,-4.902784028,5.095024015,0.023994582,0.995853392
ENSG00000272181.1,4.100113986,-4.732928183,6.627100536,0.010043862,0.995853392
ENSG00000271266.1,1.874398366,-3.409278545,6.826504914,0.008981485,0.995853392
ENSG00000172969.8,1.791311145,-3.47864518,6.627024874,0.010044289,0.995853392
ENSG00000289078.1,4.107150575,-4.732531486,8.176743978,0.004243085,0.995853392
ENSG00000250562.1,3.185981268,-4.996262027,3.913875394,0.047889046,0.995853392
ENSG00000240476.1,3.189427184,-4.995855218,3.920527218,0.047699919,0.995853392
ENSG00000214380.4,3.565456157,-4.902380073,5.103080448,0.023883392,0.995853392
ENSG00000206531.12,4.100083689,-4.732931179,6.627218038,0.0100432,0.995853392
ENSG00000243359.3,3.558984105,-4.903186378,5.087018356,0.024105603,0.995853392
ENSG00000240922.1,2.030580024,-4.096013148,6.645214147,0.009942253,0.995853392
ENSG00000244139.3,3.192838749,-4.995452911,3.927122975,0.047513164,0.995853392
ENSG00000065371.18,3.192864818,-4.99544985,3.927173294,0.047511742,0.995853392
ENSG00000285908.1,1.857075384,-4.44415697,4.036591473,0.044523662,0.995853392
ENSG00000250543.1,3.568679024,-4.901979071,5.111096438,0.023773292,0.995853392
ENSG00000289986.1,2.019907135,-4.380059701,5.029877876,0.024913655,0.995853392
ENSG00000205412.5,3.192864818,-4.99544985,3.927173294,0.047511742,0.995853392
ENSG00000243025.1,4.10460911,-4.732534483,6.940731998,0.008425463,0.995853392
ENSG00000248710.1,3.568691311,-4.901977551,5.111126939,0.023772874,0.995853392
ENSG00000287319.1,3.192838749,-4.995452911,3.927122975,0.047513164,0.995853392
ENSG00000188306.7,1.214307439,-3.410014321,4.29820829,0.038152548,0.995853392
ENSG00000223715.3,0.609660005,-0.977562864,4.337596071,0.037279524,0.995853392
ENSG00000239880.1,2.249278327,-4.654423443,3.864881309,0.049306681,0.995853392
ENSG00000224406.6,3.865219145,-4.814557794,5.406960985,0.020056603,0.995853392
ENSG00000280270.1,3.568728173,-4.901972991,5.111218446,0.02377162,0.995853392
ENSG00000289331.2,2.646945051,-4.511383454,5.713314393,0.016836722,0.995853392
ENSG00000236412.1,1.785386132,-4.199301186,3.989496927,0.045784732,0.995853392
ENSG00000224563.1,3.555759477,-4.903588641,5.079032994,0.024216873,0.995853392
ENSG00000205835.9,1.002692619,-2.954919787,4.197181319,0.040491229,0.995853392
ENSG00000286870.1,2.534155141,-4.147005677,9.044256309,0.002635214,0.995853392
ENSG00000275426.1,1.405253129,-3.814310969,4.346457027,0.037086022,0.995853392
ENSG00000293213.1,1.3115896,-3.859198378,4.258290722,0.039059204,0.995853392
ENSG00000272995.1,4.512673873,-4.578647199,7.855042735,0.005067915,0.995853392
ENSG00000248343.1,3.182540106,-4.996668745,3.907242918,0.048078411,0.995853392
ENSG00000251332.1,1.91743755,-4.146953999,5.397888615,0.020161127,0.995853392
ENSG00000207944.1,4.10910077,-4.731737848,8.124385182,0.004367379,0.995853392
ENSG00000243260.3,2.456966762,-4.580858119,4.57910769,0.032364064,0.995853392
ENSG00000249064.1,2.648716395,-4.510990796,5.675593848,0.017202516,0.995853392
ENSG00000213851.3,4.102649433,-4.732929681,7.360353482,0.006667768,0.995853392
ENSG00000248494.1,1.660255906,-4.257430784,4.188637038,0.040695803,0.995853392
ENSG00000269506.2,3.185981268,-4.996262027,3.913875394,0.047889046,0.995853392
ENSG00000128040.13,3.86800071,-4.814155061,6.001120493,0.014296796,0.995853392
ENSG00000288659.3,3.192877853,-4.99544832,3.927198454,0.047511031,0.995853392
ENSG00000206629.1,3.562224502,-4.902782509,5.095054362,0.023994162,0.995853392
ENSG00000232398.1,3.182540106,-4.996668745,3.907242918,0.048078411,0.995853392
ENSG00000248547.2,1.005288237,-2.474988353,6.627501784,0.0100416,0.995853392
ENSG00000221639.1,3.558996351,-4.903184859,5.087048625,0.024105182,0.995853392
ENSG00000289379.2,3.189427184,-4.995855218,3.920527218,0.047699919,0.995853392
ENSG00000156269.5,3.185981268,-4.996262027,3.913875394,0.047889046,0.995853392
ENSG00000251321.1,3.189414167,-4.995856748,3.920502131,0.047700631,0.995853392
ENSG00000273156.2,0.668385645,-2.006144028,3.901657027,0.048238508,0.995853392
ENSG00000251175.5,2.642871209,-4.509730725,5.63615061,0.017593794,0.995853392
ENSG00000250304.2,3.874034243,-4.814150532,4.224606864,0.039841848,0.995853392
ENSG00000286700.1,3.189401151,-4.995858278,3.920477045,0.047701343,0.995853392
ENSG00000249618.6,3.189401151,-4.995858278,3.920477045,0.047701343,0.995853392
ENSG00000251388.1,3.192838749,-4.995452911,3.927122975,0.047513164,0.995853392
ENSG00000241411.1,2.459465208,-4.578126753,5.240078163,0.022072282,0.995853392
ENSG00000248863.3,3.192838749,-4.995452911,3.927122975,0.047513164,0.995853392
ENSG00000261268.2,2.532802487,-4.144308388,9.345508864,0.002235326,0.995853392
ENSG00000285783.1,3.192838749,-4.995452911,3.927122975,0.047513164,0.995853392
ENSG00000250902.1,3.192877853,-4.99544832,3.927198454,0.047511031,0.995853392
ENSG00000279994.1,3.189414167,-4.995856748,3.920502131,0.047700631,0.995853392
ENSG00000244146.1,2.249126161,-4.655710366,4.113636436,0.042538804,0.995853392
ENSG00000287544.1,3.185981268,-4.996262027,3.913875394,0.047889046,0.995853392
ENSG00000251025.1,3.192851783,-4.995451381,3.927148135,0.047512453,0.995853392
ENSG00000272218.1,2.796371297,-4.443429787,4.285553333,0.038437569,0.995853392
ENSG00000224807.5,3.189414167,-4.995856748,3.920502131,0.047700631,0.995853392
ENSG00000246016.2,2.462384317,-4.581738769,4.921068643,0.026531102,0.995853392
ENSG00000248150.1,3.192838749,-4.995452911,3.927122975,0.047513164,0.995853392
ENSG00000185296.8,3.56546843,-4.902378554,5.103110872,0.023882974,0.995853392
ENSG00000249156.2,2.140804636,-4.043501736,6.378186085,0.011553145,0.995853392
ENSG00000199731.1,3.562236762,-4.90278099,5.095084708,0.023993742,0.995853392
ENSG00000251443.3,1.034377104,-2.410569291,7.710023779,0.005491503,0.995853392
ENSG00000288579.1,2.807761545,-4.441883563,6.569168645,0.010376041,0.995853392
ENSG00000272144.1,3.192851783,-4.995451381,3.927148135,0.047512453,0.995853392
ENSG00000248464.1,3.192877853,-4.99544832,3.927198454,0.047511031,0.995853392
ENSG00000234602.9,4.107997008,-4.732134707,8.498549111,0.003554298,0.995853392
ENSG00000248475.5,2.250356127,-4.654030935,3.849509474,0.049760542,0.995853392
ENSG00000249279.6,1.354888109,-3.353194382,4.784193228,0.028722099,0.995853392
ENSG00000251682.1,3.182540106,-4.996668745,3.907242918,0.048078411,0.995853392
ENSG00000248846.3,3.18596827,-4.996263556,3.913850381,0.047889759,0.995853392
ENSG00000253787.1,3.192864818,-4.99544985,3.927173294,0.047511742,0.995853392
ENSG00000251599.1,3.189414167,-4.995856748,3.920502131,0.047700631,0.995853392
ENSG00000253558.2,3.189414167,-4.995856748,3.920502131,0.047700631,0.995853392
ENSG00000214890.3,3.189414167,-4.995856748,3.920502131,0.047700631,0.995853392
ENSG00000132840.10,3.562224502,-4.902782509,5.095054362,0.023994162,0.995853392
ENSG00000250330.1,3.192838749,-4.995452911,3.927122975,0.047513164,0.995853392
ENSG00000233828.5,3.182540106,-4.996668745,3.907242918,0.048078411,0.995853392
ENSG00000250551.1,4.116641113,-4.731340907,6.570245876,0.010369762,0.995853392
ENSG00000247402.2,2.249126161,-4.655710366,4.113636436,0.042538804,0.995853392
ENSG00000243758.1,3.182540106,-4.996668745,3.907242918,0.048078411,0.995853392
ENSG00000248752.3,2.446467955,-4.578911374,4.524667056,0.033409576,0.995853392
ENSG00000270021.1,0.839176004,-2.835561758,4.06168546,0.043866695,0.995853392
ENSG00000289155.2,0.906639031,-2.104180649,5.273795259,0.021648764,0.995853392
ENSG00000253965.3,3.558996351,-4.903184859,5.087048625,0.024105182,0.995853392
ENSG00000290893.1,1.661184901,-4.258276027,4.066511539,0.043741521,0.995853392
ENSG00000262576.3,2.034199209,-3.652427762,10.40908487,0.001253969,0.995853392
ENSG00000279130.1,3.189427184,-4.995855218,3.920527218,0.047699919,0.995853392
ENSG00000091010.6,1.273608634,-3.375357746,5.446525382,0.019607286,0.995853392
ENSG00000113263.14,3.182540106,-4.996668745,3.907242918,0.048078411,0.995853392
ENSG00000253256.1,3.565443883,-4.902381593,5.103050024,0.023883811,0.995853392
ENSG00000247699.2,1.313399689,-3.858840025,4.05750291,0.043975483,0.995853392
ENSG00000254187.1,1.758478741,-3.993044184,5.135779522,0.02343756,0.995853392
ENSG00000212402.1,3.192864818,-4.99544985,3.927173294,0.047511742,0.995853392
ENSG00000131183.11,3.568703598,-4.901976031,5.111157441,0.023772456,0.995853392
ENSG00000290968.1,2.645912849,-4.510605402,6.109247557,0.013447637,0.995853392
ENSG00000249109.1,3.568703598,-4.901976031,5.111157441,0.023772456,0.995853392
ENSG00000254158.1,3.565456157,-4.902380073,5.103080448,0.023883392,0.995853392
ENSG00000286785.1,3.192851783,-4.995451381,3.927148135,0.047512453,0.995853392
ENSG00000260239.2,3.87389459,-4.814158081,4.224569746,0.039842719,0.995853392
ENSG00000269985.2,3.189401151,-4.995858278,3.920477045,0.047701343,0.995853392
ENSG00000218868.1,3.189414167,-4.995856748,3.920502131,0.047700631,0.995853392
ENSG00000219294.6,2.459511387,-4.580072794,5.243263799,0.022031903,0.995853392
ENSG00000237786.1,4.317820879,-4.654176247,9.457204427,0.002103214,0.995853392
ENSG00000287359.1,3.558984105,-4.903186378,5.087018356,0.024105603,0.995853392
ENSG00000272345.1,0.78332042,-1.85873817,5.570816504,0.018262243,0.995853392
ENSG00000278637.2,4.318386302,-4.654174758,9.914849995,0.001639505,0.995853392
ENSG00000184357.5,1.328555189,-2.901779532,8.287047532,0.003992886,0.995853392
ENSG00000204188.8,3.192864818,-4.99544985,3.927173294,0.047511742,0.995853392
ENSG00000270800.4,1.195293114,-2.970546783,4.108155602,0.04267688,0.995853392
ENSG00000273870.1,4.500177603,-4.580215699,10.36310479,0.001285588,0.995853392
ENSG00000228559.2,4.108050614,-4.732133208,8.149401466,0.004307538,0.995853392
ENSG00000226917.6,2.130908723,-4.039735235,8.054720894,0.004538523,0.995853392
ENSG00000266494.1,3.56546843,-4.902378554,5.103110872,0.023882974,0.995853392
ENSG00000219222.1,3.185981268,-4.996262027,3.913875394,0.047889046,0.995853392
ENSG00000203972.10,4.100083689,-4.732931179,6.627218038,0.0100432,0.995853392
ENSG00000216998.1,3.568691311,-4.901977551,5.111126939,0.023772874,0.995853392
ENSG00000223622.2,4.317820879,-4.654176247,9.457204427,0.002103214,0.995853392
ENSG00000137270.11,3.189401151,-4.995858278,3.920477045,0.047701343,0.995853392
ENSG00000289286.1,4.108050614,-4.732133208,8.149401466,0.004307538,0.995853392
ENSG00000203489.3,3.189427184,-4.995855218,3.920527218,0.047699919,0.995853392
ENSG00000217512.1,3.18596827,-4.996263556,3.913850381,0.047889759,0.995853392
ENSG00000286042.1,2.643087841,-4.509727788,6.408909051,0.011354916,0.995853392
ENSG00000279659.1,1.21146994,-3.041267879,4.811897606,0.028263905,0.995853392
ENSG00000213211.2,3.18596827,-4.996263556,3.913850381,0.047889759,0.995853392
ENSG00000280232.1,3.182540106,-4.996668745,3.907242918,0.048078411,0.995853392
ENSG00000218793.1,3.189401151,-4.995858278,3.920477045,0.047701343,0.995853392
ENSG00000220130.1,3.189427184,-4.995855218,3.920527218,0.047699919,0.995853392
ENSG00000232699.3,1.358790444,-3.693453973,5.343370617,0.020801215,0.995853392
ENSG00000229315.7,2.935858751,-4.376660821,6.948133263,0.008390674,0.995853392
ENSG00000251258.2,1.506304793,-3.614400937,5.528253389,0.018711775,0.995853392
ENSG00000219619.2,3.192838749,-4.995452911,3.927122975,0.047513164,0.995853392
ENSG00000285446.1,3.562224502,-4.902782509,5.095054362,0.023994162,0.995853392
ENSG00000293084.1,4.317827492,-4.65417327,9.456902263,0.00210356,0.995853392
ENSG00000287731.1,2.156212555,-4.313280384,5.438228724,0.019700638,0.995853392
ENSG00000218857.1,3.192851783,-4.995451381,3.927148135,0.047512453,0.995853392
ENSG00000290067.1,3.185981268,-4.996262027,3.913875394,0.047889046,0.995853392
ENSG00000112299.8,3.189401151,-4.995858278,3.920477045,0.047701343,0.995853392
ENSG00000221500.1,1.01668495,-3.225197775,3.84479461,0.049900633,0.995853392
ENSG00000218565.2,3.189427184,-4.995855218,3.920527218,0.047699919,0.995853392
ENSG00000270638.1,1.232062631,-2.875989013,8.040113512,0.004575267,0.995853392
ENSG00000227748.2,3.18596827,-4.996263556,3.913850381,0.047889759,0.995853392
ENSG00000289045.1,0.888580213,-1.652600519,4.850298487,0.027641349,0.995853392
ENSG00000252244.1,2.434621008,-4.203373887,6.620714486,0.010079939,0.995853392
ENSG00000219433.2,1.66141259,-4.258937639,4.085490221,0.043252903,0.995853392
ENSG00000232290.1,3.562224502,-4.902782509,5.095054362,0.023994162,0.995853392
ENSG00000269155.2,3.189401151,-4.995858278,3.920477045,0.047701343,0.995853392
ENSG00000289623.2,4.11667402,-4.731337908,6.570144924,0.010370351,0.995853392
ENSG00000230960.3,3.862949062,-4.814556285,6.588710721,0.010262747,0.995853392
ENSG00000261795.1,3.192877853,-4.99544832,3.927198454,0.047511031,0.995853392
ENSG00000225606.1,3.185981268,-4.996262027,3.913875394,0.047889046,0.995853392
ENSG00000290069.1,1.35373935,-3.43835266,5.687772811,0.017083523,0.995853392
ENSG00000227436.1,2.16210603,-4.31641174,4.842063253,0.027773646,0.995853392
ENSG00000286507.1,3.56546843,-4.902378554,5.103110872,0.023882974,0.995853392
ENSG00000253508.1,3.185981268,-4.996262027,3.913875394,0.047889046,0.995853392
ENSG00000225907.1,3.192851783,-4.995451381,3.927148135,0.047512453,0.995853392
ENSG00000201432.1,3.558996351,-4.903184859,5.087048625,0.024105182,0.995853392
ENSG00000225739.1,2.052840779,-4.095640069,4.795800669,0.028529194,0.995853392
ENSG00000211698.2,2.317565434,-4.259925006,5.549123816,0.01848994,0.995853392
ENSG00000289269.1,2.032025285,-3.857519655,8.571659735,0.003414358,0.995853392
ENSG00000229628.1,3.185981268,-4.996262027,3.913875394,0.047889046,0.995853392
ENSG00000228897.1,3.558984105,-4.903186378,5.087018356,0.024105603,0.995853392
ENSG00000273720.1,3.857009427,-4.815356969,6.04246755,0.013965751,0.995853392
ENSG00000213650.3,0.889366743,-2.385675276,4.18628692,0.040752261,0.995853392
ENSG00000287869.1,3.189414167,-4.995856748,3.920502131,0.047700631,0.995853392
ENSG00000272831.2,1.541261315,-4.09550877,4.233218746,0.039640198,0.995853392
ENSG00000225128.1,3.182540106,-4.996668745,3.907242918,0.048078411,0.995853392
ENSG00000227646.7,3.568715885,-4.901974511,5.111187943,0.023772038,0.995853392
ENSG00000226254.1,3.568691311,-4.901977551,5.111126939,0.023772874,0.995853392
ENSG00000234695.1,3.189414167,-4.995856748,3.920502131,0.047700631,0.995853392
ENSG00000267052.3,2.469965906,-4.580958205,4.55882723,0.032749492,0.995853392
ENSG00000237974.1,3.185981268,-4.996262027,3.913875394,0.047889046,0.995853392
ENSG00000234985.2,1.111132138,-2.813318298,5.066790589,0.024388498,0.995853392
ENSG00000288881.1,3.192851783,-4.995451381,3.927148135,0.047512453,0.995853392
ENSG00000231098.1,3.189401151,-4.995858278,3.920477045,0.047701343,0.995853392
ENSG00000231794.5,3.860569293,-4.814952896,6.028185731,0.014079197,0.995853392
ENSG00000289438.1,3.87389459,-4.814158081,4.224569746,0.039842719,0.995853392
ENSG00000214815.2,3.192877853,-4.99544832,3.927198454,0.047511031,0.995853392
ENSG00000253183.1,3.558996351,-4.903184859,5.087048625,0.024105182,0.995853392
ENSG00000221836.4,3.192851783,-4.995451381,3.927148135,0.047512453,0.995853392
ENSG00000239377.1,1.402620787,-3.815737048,4.269897782,0.038793264,0.995853392
ENSG00000283128.3,1.090844425,-2.806368327,5.582670242,0.018139046,0.995853392
ENSG00000224324.1,2.733928415,-4.040975686,11.64280596,0.000644513,0.995853392
ENSG00000254367.5,3.558996351,-4.903184859,5.087048625,0.024105182,0.995853392
ENSG00000236827.2,3.185981268,-4.996262027,3.913875394,0.047889046,0.995853392
ENSG00000285881.1,3.18596827,-4.996263556,3.913850381,0.047889759,0.995853392
ENSG00000246130.1,0.895388636,-2.276074662,5.751898339,0.016470849,0.995853392
ENSG00000180053.8,3.185981268,-4.996262027,3.913875394,0.047889046,0.995853392
ENSG00000234770.1,2.248339295,-4.654818848,3.881437883,0.048822727,0.995853392
ENSG00000254129.1,3.18596827,-4.996263556,3.913850381,0.047889759,0.995853392
ENSG00000253452.6,3.182540106,-4.996668745,3.907242918,0.048078411,0.995853392
ENSG00000254111.3,3.192877853,-4.99544832,3.927198454,0.047511031,0.995853392
ENSG00000251470.1,2.020399804,-4.376997348,4.014599171,0.045107944,0.995853392
ENSG00000269924.1,3.565456157,-4.902380073,5.103080448,0.023883392,0.995853392
ENSG00000240919.1,2.03858754,-4.380534431,4.078304873,0.043437215,0.995853392
ENSG00000253301.6,3.085050888,-4.316072943,10.05254988,0.001521372,0.995853392
ENSG00000253116.1,3.562236762,-4.90278099,5.095084708,0.023993742,0.995853392
ENSG00000253555.1,3.189427184,-4.995855218,3.920527218,0.047699919,0.995853392
ENSG00000287844.1,2.446467955,-4.578911374,4.524667056,0.033409576,0.995853392
ENSG00000254337.2,3.189427184,-4.995855218,3.920527218,0.047699919,0.995853392
ENSG00000235531.11,1.275990581,-3.729761856,4.013127281,0.045147336,0.995853392
ENSG00000274443.5,1.088602512,-3.125081694,3.993544784,0.045674878,0.995853392
ENSG00000253596.1,2.019898557,-4.378150337,5.02983527,0.024914268,0.995853392
ENSG00000254023.1,4.945107088,-4.377175719,13.49273558,0.000239489,0.995853392
ENSG00000253952.1,3.568703598,-4.901976031,5.111157441,0.023772456,0.995853392
ENSG00000253250.3,0.750313112,-1.577775138,4.722032586,0.029778523,0.995853392
ENSG00000253175.1,3.558996351,-4.903184859,5.087048625,0.024105182,0.995853392
ENSG00000200525.1,3.189401151,-4.995858278,3.920477045,0.047701343,0.995853392
ENSG00000253539.1,3.189401151,-4.995858278,3.920477045,0.047701343,0.995853392
ENSG00000253582.1,1.648065767,-3.857533544,5.838851309,0.015676058,0.995853392
ENSG00000287657.1,2.8059339,-4.442270957,7.556728961,0.005978641,0.995853392
ENSG00000253111.2,3.182540106,-4.996668745,3.907242918,0.048078411,0.995853392
ENSG00000253992.1,0.855740626,-2.566167506,4.769530122,0.028967731,0.995853392
ENSG00000254083.6,3.192864818,-4.99544985,3.927173294,0.047511742,0.995853392
ENSG00000126233.2,3.18596827,-4.996263556,3.913850381,0.047889759,0.995853392
ENSG00000160882.13,3.182540106,-4.996668745,3.907242918,0.048078411,0.995853392
ENSG00000254338.1,2.249120284,-4.654424931,4.113615643,0.042539327,0.995853392
ENSG00000254548.1,3.18596827,-4.996263556,3.913850381,0.047889759,0.995853392
ENSG00000272115.1,1.079853101,-3.28625632,4.185302337,0.040775939,0.995853392
ENSG00000255559.1,0.973297109,-3.173624957,4.127211861,0.042198822,0.995853392
ENSG00000197646.8,2.299602011,-4.259456752,6.942959076,0.008414979,0.995853392
ENSG00000286500.1,3.568703598,-4.901976031,5.111157441,0.023772456,0.995853392
ENSG00000234829.4,3.189427184,-4.995855218,3.920527218,0.047699919,0.995853392
ENSG00000236184.1,1.548329519,-2.77397706,10.07606561,0.001502077,0.995853392
ENSG00000288949.1,2.019892681,-4.37690542,5.029806078,0.024914688,0.995853392
ENSG00000200502.1,3.182540106,-4.996668745,3.907242918,0.048078411,0.995853392
ENSG00000234861.2,3.18596827,-4.996263556,3.913850381,0.047889759,0.995853392
ENSG00000083067.26,0.718873329,-1.28719089,5.690471036,0.017057275,0.995853392
ENSG00000235298.1,1.733973791,-3.812941629,7.197548514,0.007300324,0.995853392
ENSG00000237306.1,3.555759477,-4.903588641,5.079032994,0.024216873,0.995853392
ENSG00000275756.1,3.565456157,-4.902380073,5.103080448,0.023883392,0.995853392
ENSG00000278486.1,3.568691311,-4.901977551,5.111126939,0.023772874,0.995853392
ENSG00000106952.8,3.555759477,-4.903588641,5.079032994,0.024216873,0.995853392
ENSG00000289735.1,3.185981268,-4.996262027,3.913875394,0.047889046,0.995853392
ENSG00000286718.2,1.113106689,-3.01566432,5.037053793,0.024810652,0.995853392
ENSG00000207737.1,3.562236762,-4.90278099,5.095084708,0.023993742,0.995853392
ENSG00000225951.1,3.555759477,-4.903588641,5.079032994,0.024216873,0.995853392
ENSG00000285245.1,3.857009427,-4.815356969,6.04246755,0.013965751,0.995853392
ENSG00000204011.5,3.086489011,-4.315692166,9.278704696,0.002318333,0.995853392
ENSG00000289701.1,1.891202278,-3.727059984,9.129458812,0.002515261,0.995853392
ENSG00000213994.3,3.189401151,-4.995858278,3.920477045,0.047701343,0.995853392
ENSG00000272507.1,3.189427184,-4.995855218,3.920527218,0.047699919,0.995853392
ENSG00000233968.9,4.65065654,-4.510649569,8.544188817,0.00346627,0.995853392
ENSG00000287402.1,2.64326779,-4.509724851,3.967223601,0.046394209,0.995853392
ENSG00000228755.1,3.18596827,-4.996263556,3.913850381,0.047889759,0.995853392
ENSG00000223910.1,2.171243612,-4.319072975,4.54724768,0.032971706,0.995853392
ENSG00000237590.1,3.189401151,-4.995858278,3.920477045,0.047701343,0.995853392
ENSG00000290529.1,3.192877853,-4.99544832,3.927198454,0.047511031,0.995853392
ENSG00000165606.10,3.86800071,-4.814155061,6.001120493,0.014296796,0.995853392
ENSG00000226631.1,3.192877853,-4.99544832,3.927198454,0.047511031,0.995853392
ENSG00000261368.1,3.18596827,-4.996263556,3.913850381,0.047889759,0.995853392
ENSG00000237233.2,3.192838749,-4.995452911,3.927122975,0.047513164,0.995853392
ENSG00000138311.18,0.98482532,-2.874217265,5.36681609,0.020523407,0.995853392
ENSG00000148734.8,4.104649077,-4.732529987,6.940496045,0.008426574,0.995853392
ENSG00000289592.2,3.562212242,-4.902784028,5.095024015,0.023994582,0.995853392
ENSG00000207473.1,3.192838749,-4.995452911,3.927122975,0.047513164,0.995853392
ENSG00000222047.9,1.383412177,-3.235629635,6.098044613,0.013533155,0.995853392
ENSG00000214629.3,3.185981268,-4.996262027,3.913875394,0.047889046,0.995853392
ENSG00000226253.1,3.562236762,-4.90278099,5.095084708,0.023993742,0.995853392
ENSG00000289954.1,4.502437528,-4.579431602,10.93086334,0.000945754,0.995853392
ENSG00000119913.6,3.192864818,-4.99544985,3.927173294,0.047511742,0.995853392
ENSG00000235742.1,3.192851783,-4.995451381,3.927148135,0.047512453,0.995853392
ENSG00000207468.1,4.104649077,-4.732529987,6.940496045,0.008426574,0.995853392
ENSG00000226864.4,3.568679024,-4.901979071,5.111096438,0.023773292,0.995853392
ENSG00000254636.1,3.192877853,-4.99544832,3.927198454,0.047511031,0.995853392
ENSG00000255624.6,3.565480704,-4.902377034,5.103141297,0.023882555,0.995853392
ENSG00000222629.1,3.189401151,-4.995858278,3.920477045,0.047701343,0.995853392
ENSG00000231487.1,3.568679024,-4.901979071,5.111096438,0.023773292,0.995853392
ENSG00000287906.1,2.638058591,-4.510507626,5.046861711,0.024670583,0.995853392
ENSG00000254480.2,1.344970838,-3.434973101,5.368177679,0.020507392,0.995853392
ENSG00000224295.3,1.909922118,-4.144168568,4.866931684,0.027376134,0.995853392
ENSG00000254444.1,3.189414167,-4.995856748,3.920502131,0.047700631,0.995853392
ENSG00000241678.1,3.565443883,-4.902381593,5.103050024,0.023883811,0.995853392
ENSG00000170743.17,0.874886259,-2.13419898,3.966131651,0.046424307,0.995853392
ENSG00000271758.2,3.189401151,-4.995858278,3.920477045,0.047701343,0.995853392
ENSG00000255400.1,3.192851783,-4.995451381,3.927148135,0.047512453,0.995853392
ENSG00000270607.1,2.041119191,-4.094823213,4.727024579,0.029692208,0.995853392
ENSG00000254672.1,3.185981268,-4.996262027,3.913875394,0.047889046,0.995853392
ENSG00000280321.1,3.189414167,-4.995856748,3.920502131,0.047700631,0.995853392
ENSG00000255165.1,3.555759477,-4.903588641,5.079032994,0.024216873,0.995853392
ENSG00000255452.1,3.182540106,-4.996668745,3.907242918,0.048078411,0.995853392
ENSG00000110079.19,3.850057957,-4.815754923,5.422200015,0.019882292,0.995853392
ENSG00000279246.1,1.112076734,-3.091116413,3.848609548,0.049787249,0.995853392
ENSG00000149742.10,2.020990137,-4.378048057,4.621061686,0.031581685,0.995853392
ENSG00000254484.1,3.189414167,-4.995856748,3.920502131,0.047700631,0.995853392
ENSG00000254924.2,3.192851783,-4.995451381,3.927148135,0.047512453,0.995853392
ENSG00000254500.1,3.558984105,-4.903186378,5.087018356,0.024105603,0.995853392
ENSG00000242999.3,3.189401151,-4.995858278,3.920477045,0.047701343,0.995853392
ENSG00000254814.1,3.18596827,-4.996263556,3.913850381,0.047889759,0.995853392
ENSG00000178795.10,2.636875174,-4.093760348,10.4852908,0.001203287,0.995853392
ENSG00000254629.1,3.568715885,-4.901974511,5.111187943,0.023772038,0.995853392
ENSG00000225581.3,1.52866974,-2.636828446,8.612367198,0.003338881,0.995853392
ENSG00000255210.1,3.192851783,-4.995451381,3.927148135,0.047512453,0.995853392
ENSG00000235286.1,4.800418869,-4.443186604,10.06681873,0.001509635,0.995853392
ENSG00000238444.1,3.18596827,-4.996263556,3.913850381,0.047889759,0.995853392
ENSG00000250303.6,0.791168401,-1.401298582,5.449798793,0.019570581,0.995853392
ENSG00000256717.1,4.118747006,-4.731336408,5.848348046,0.015591681,0.995853392
ENSG00000250699.1,3.56546843,-4.902378554,5.103110872,0.023882974,0.995853392
ENSG00000270403.1,3.185981268,-4.996262027,3.913875394,0.047889046,0.995853392
ENSG00000255435.7,1.076042063,-2.377581319,5.083420416,0.024155671,0.995853392
ENSG00000255216.2,3.562236762,-4.90278099,5.095084708,0.023993742,0.995853392
ENSG00000137699.17,0.721886722,-1.641957468,5.02674956,0.024958698,0.995853392
ENSG00000288061.3,1.296302727,-2.993147444,4.066715572,0.043736237,0.995853392
ENSG00000196099.5,2.29901359,-4.254075316,7.130919483,0.007576586,0.995853392
ENSG00000198674.3,3.558984105,-4.903186378,5.087018356,0.024105603,0.995853392
ENSG00000197125.3,3.562212242,-4.902784028,5.095024015,0.023994582,0.995853392
ENSG00000254703.4,3.861456416,-4.814954405,6.963283482,0.008319921,0.995853392
ENSG00000279090.1,3.192838749,-4.995452911,3.927122975,0.047513164,0.995853392
ENSG00000255327.1,3.185981268,-4.996262027,3.913875394,0.047889046,0.995853392
ENSG00000249628.3,1.637740846,-3.853072749,5.297757901,0.021352893,0.995853392
ENSG00000285627.1,3.185981268,-4.996262027,3.913875394,0.047889046,0.995853392
ENSG00000291189.1,1.094014111,-3.207746658,4.142913148,0.04180916,0.995853392
ENSG00000283138.1,3.182540106,-4.996668745,3.907242918,0.048078411,0.995853392
ENSG00000290063.1,3.850039029,-4.815756431,5.422221031,0.019882053,0.995853392
ENSG00000239701.1,3.189427184,-4.995855218,3.920527218,0.047699919,0.995853392
ENSG00000166535.20,1.7339925,-3.814798428,7.278797747,0.006977322,0.995853392
ENSG00000257105.1,3.562212242,-4.902784028,5.095024015,0.023994582,0.995853392
ENSG00000150045.12,1.068195513,-2.899951568,5.793037478,0.016089765,0.995853392
ENSG00000165685.9,1.373464727,-2.622915237,5.063189615,0.024439219,0.995853392
ENSG00000270857.1,3.185981268,-4.996262027,3.913875394,0.047889046,0.995853392
ENSG00000289909.1,1.030612345,-2.586259647,4.342656689,0.037168883,0.995853392
ENSG00000256849.1,0.856012257,-2.170454463,5.825759016,0.015793152,0.995853392
ENSG00000257046.5,3.182540106,-4.996668745,3.907242918,0.048078411,0.995853392
ENSG00000274624.1,4.121498073,-4.731334909,4.553605906,0.032849496,0.995853392
ENSG00000276842.1,4.317820879,-4.654176247,9.457204427,0.002103214,0.995853392
ENSG00000214700.6,3.189401151,-4.995858278,3.920477045,0.047701343,0.995853392
ENSG00000223722.3,2.019898557,-4.378150337,5.02983527,0.024914268,0.995853392
ENSG00000201563.1,3.837926692,-4.81615581,4.215656079,0.040052574,0.995853392
ENSG00000275854.1,0.724974653,-0.723964495,7.052413142,0.007915854,0.995853392
ENSG00000180116.15,3.189414167,-4.995856748,3.920502131,0.047700631,0.995853392
ENSG00000278475.1,4.107997008,-4.732134707,8.498549111,0.003554298,0.995853392
ENSG00000257496.3,3.185981268,-4.996262027,3.913875394,0.047889046,0.995853392
ENSG00000247774.9,3.185981268,-4.996262027,3.913875394,0.047889046,0.995853392
ENSG00000257735.1,3.189427184,-4.995855218,3.920527218,0.047699919,0.995853392
ENSG00000284723.2,3.862963899,-4.814553266,6.588604954,0.010263357,0.995853392
ENSG00000281842.2,3.558984105,-4.903186378,5.087018356,0.024105603,0.995853392
ENSG00000257346.1,3.182540106,-4.996668745,3.907242918,0.048078411,0.995853392
ENSG00000271018.1,3.189414167,-4.995856748,3.920502131,0.047700631,0.995853392
ENSG00000287051.1,4.082172948,-4.733724329,4.54298522,0.0330539,0.995853392
ENSG00000170374.6,4.307349541,-4.654962613,7.032698765,0.008003465,0.995853392
ENSG00000257449.1,3.182540106,-4.996668745,3.907242918,0.048078411,0.995853392
ENSG00000278399.1,1.660293308,-4.257049759,4.05642172,0.044003651,0.995853392
ENSG00000200814.1,3.562212242,-4.902784028,5.095024015,0.023994582,0.995853392
ENSG00000255817.1,3.562212242,-4.902784028,5.095024015,0.023994582,0.995853392
ENSG00000256037.1,2.643079263,-4.5077927,6.408866632,0.011355187,0.995853392
ENSG00000257761.3,3.562224502,-4.902782509,5.095054362,0.023994162,0.995853392
ENSG00000206899.1,1.651416219,-3.858824205,5.207906461,0.022484393,0.995853392
ENSG00000258153.1,1.055781283,-2.707995152,4.009180457,0.045253143,0.995853392
ENSG00000277840.1,2.251517091,-4.656105522,3.899628682,0.048296781,0.995853392
ENSG00000275409.1,1.857075384,-4.44415697,4.036591473,0.044523662,0.995853392
ENSG00000255692.1,3.182540106,-4.996668745,3.907242918,0.048078411,0.995853392
ENSG00000286493.1,3.192838749,-4.995452911,3.927122975,0.047513164,0.995853392
ENSG00000256299.1,3.189427184,-4.995855218,3.920527218,0.047699919,0.995853392
ENSG00000240991.3,2.814773276,-4.441494638,4.454984808,0.034799526,0.995853392
ENSG00000224976.2,1.540868788,-4.096620455,4.428610236,0.035341273,0.995853392
ENSG00000293265.1,3.562224502,-4.902782509,5.095054362,0.023994162,0.995853392
ENSG00000232187.1,0.865137293,-2.175200174,5.312827832,0.021168969,0.995853392
ENSG00000279499.1,3.182540106,-4.996668745,3.907242918,0.048078411,0.995853392
ENSG00000229427.1,3.565456157,-4.902380073,5.103080448,0.023883392,0.995853392
ENSG00000168852.14,1.85746414,-4.444543949,3.97725795,0.046118582,0.995853392
ENSG00000287842.1,3.192864818,-4.99544985,3.927173294,0.047511742,0.995853392
ENSG00000260388.2,0.61361482,-0.872587872,5.121689185,0.023628605,0.995853392
ENSG00000150276.8,3.192864818,-4.99544985,3.927173294,0.047511742,0.995853392
ENSG00000102837.7,3.185981268,-4.996262027,3.913875394,0.047889046,0.995853392
ENSG00000286395.1,3.192851783,-4.995451381,3.927148135,0.047512453,0.995853392
ENSG00000228824.8,3.189401151,-4.995858278,3.920477045,0.047701343,0.995853392
ENSG00000233273.1,4.102649433,-4.732929681,7.360353482,0.006667768,0.995853392
ENSG00000139800.9,3.568691311,-4.901977551,5.111126939,0.023772874,0.995853392
ENSG00000269356.1,3.192864818,-4.99544985,3.927173294,0.047511742,0.995853392
ENSG00000289904.1,2.456972926,-4.580856641,4.579029126,0.032365548,0.995853392
ENSG00000211809.2,3.192851783,-4.995451381,3.927148135,0.047512453,0.995853392
ENSG00000255804.2,3.558984105,-4.903186378,5.087018356,0.024105603,0.995853392
ENSG00000166091.21,4.319128559,-4.653777735,8.934480861,0.00279837,0.995853392
ENSG00000287142.1,4.113415813,-4.731740846,5.851887194,0.015560356,0.995853392
ENSG00000279972.1,3.18596827,-4.996263556,3.913850381,0.047889759,0.995853392
ENSG00000259155.2,3.18596827,-4.996263556,3.913850381,0.047889759,0.995853392
ENSG00000258758.1,3.568715885,-4.901974511,5.111187943,0.023772038,0.995853392
ENSG00000258561.2,1.031145016,-2.859225171,5.303137105,0.021287052,0.995853392
ENSG00000258957.2,1.15389111,-2.923961787,7.473898002,0.006259987,0.995853392
ENSG00000285612.1,3.562212242,-4.902784028,5.095024015,0.023994582,0.995853392
ENSG00000222990.1,3.192864818,-4.99544985,3.927173294,0.047511742,0.995853392
ENSG00000260810.1,3.192864818,-4.99544985,3.927173294,0.047511742,0.995853392
ENSG00000259066.5,1.777774819,-3.352075522,6.092788233,0.013573472,0.995853392
ENSG00000165953.10,3.850057957,-4.815754923,5.422200015,0.019882292,0.995853392
ENSG00000258615.1,3.182540106,-4.996668745,3.907242918,0.048078411,0.995853392
ENSG00000258788.3,2.645410957,-4.509336289,4.987661925,0.02552868,0.995853392
ENSG00000247970.3,1.85706093,-4.440980398,4.036529848,0.044525288,0.995853392
ENSG00000272444.1,0.99119498,-2.882125287,5.413384174,0.01998294,0.995853392
ENSG00000242837.1,3.861456416,-4.814954405,6.963283482,0.008319921,0.995853392
ENSG00000260959.1,3.189401151,-4.995858278,3.920477045,0.047701343,0.995853392
ENSG00000186297.12,0.699951137,-1.281306744,4.733854327,0.029574539,0.995853392
ENSG00000260053.2,2.459509578,-4.580465495,5.243256125,0.022032,0.995853392
ENSG00000289209.1,0.980156813,-3.097103344,4.431971789,0.035271738,0.995853392
ENSG00000259749.1,3.860569293,-4.814952896,6.028185731,0.014079197,0.995853392
ENSG00000260174.1,2.450641302,-4.577735068,4.462072597,0.034655424,0.995853392
ENSG00000259665.1,3.558984105,-4.903186378,5.087018356,0.024105603,0.995853392
ENSG00000259411.1,2.249278327,-4.654423443,3.864881309,0.049306681,0.995853392
ENSG00000244251.1,2.227502438,-3.993175886,7.505341992,0.006151626,0.995853392
ENSG00000259467.1,3.182540106,-4.996668745,3.907242918,0.048078411,0.995853392
ENSG00000259378.1,2.028754171,-4.378909226,4.336134526,0.037311542,0.995853392
ENSG00000186417.15,1.423236514,-3.124774546,5.161856926,0.023088199,0.995853392
ENSG00000277548.1,1.432261024,-3.653495164,3.891942386,0.04851828,0.995853392
ENSG00000275343.1,3.185981268,-4.996262027,3.913875394,0.047889046,0.995853392
ENSG00000274719.1,3.189427184,-4.995855218,3.920527218,0.047699919,0.995853392
ENSG00000259616.2,3.182540106,-4.996668745,3.907242918,0.048078411,0.995853392
ENSG00000259557.2,1.743483472,-3.993696505,4.245400191,0.039356793,0.995853392
ENSG00000261318.1,3.185981268,-4.996262027,3.913875394,0.047889046,0.995853392
ENSG00000260657.2,2.455005593,-4.577733587,4.80983256,0.028297795,0.995853392
ENSG00000265195.1,3.192838749,-4.995452911,3.927122975,0.047513164,0.995853392
ENSG00000259440.2,3.189401151,-4.995858278,3.920477045,0.047701343,0.995853392
ENSG00000264386.1,3.568679024,-4.901979071,5.111096438,0.023773292,0.995853392
ENSG00000260206.1,3.192851783,-4.995451381,3.927148135,0.047512453,0.995853392
ENSG00000274515.1,4.111070343,-4.731734849,7.309011295,0.006860967,0.995853392
ENSG00000260988.1,3.862001273,-4.814554775,6.947323981,0.008394471,0.995853392
ENSG00000277741.5,2.806605216,-4.443141059,7.514268531,0.006121214,0.995853392
ENSG00000259453.1,3.182540106,-4.996668745,3.907242918,0.048078411,0.995853392
ENSG00000183643.4,2.806120638,-4.441885023,7.499987216,0.006169943,0.995853392
ENSG00000259134.7,3.18596827,-4.996263556,3.913850381,0.047889759,0.995853392
ENSG00000259275.5,0.602960195,-0.878328845,4.003264094,0.045412238,0.995853392
ENSG00000259614.2,3.185981268,-4.996262027,3.913875394,0.047889046,0.995853392
ENSG00000261054.1,1.790090889,-4.198926745,4.505305367,0.033789862,0.995853392
ENSG00000251692.8,3.562212242,-4.902784028,5.095024015,0.023994582,0.995853392
ENSG00000261889.1,1.490245617,-2.459189108,14.37537865,0.000149748,0.995853392
ENSG00000215131.11,3.18596827,-4.996263556,3.913850381,0.047889759,0.995853392
ENSG00000262516.1,3.182540106,-4.996668745,3.907242918,0.048078411,0.995853392
ENSG00000278700.1,2.428161308,-4.200193604,4.707210609,0.03003635,0.995853392
ENSG00000266994.1,4.11667402,-4.731337908,6.570144924,0.010370351,0.995853392
ENSG00000267070.1,4.107150575,-4.732531486,8.176743978,0.004243085,0.995853392
ENSG00000242307.1,3.562236762,-4.90278099,5.095084708,0.023993742,0.995853392
ENSG00000261819.1,1.015234528,-3.311847745,3.869208952,0.049179696,0.995853392
ENSG00000260342.2,0.942826448,-2.290740696,4.892310815,0.026976556,0.995853392
ENSG00000283213.1,3.192851783,-4.995451381,3.927148135,0.047512453,0.995853392
ENSG00000166869.3,3.192838749,-4.995452911,3.927122975,0.047513164,0.995853392
ENSG00000285882.1,3.189414167,-4.995856748,3.920502131,0.047700631,0.995853392
ENSG00000261045.2,3.192838749,-4.995452911,3.927122975,0.047513164,0.995853392
ENSG00000277999.1,3.185981268,-4.996262027,3.913875394,0.047889046,0.995853392
ENSG00000260082.1,3.56546843,-4.902378554,5.103110872,0.023882974,0.995853392
ENSG00000261217.2,3.857035712,-4.815353952,6.042358485,0.013966614,0.995853392
ENSG00000261325.3,3.189414167,-4.995856748,3.920502131,0.047700631,0.995853392
ENSG00000240793.1,1.439620157,-3.283417519,7.976237483,0.004739535,0.995853392
ENSG00000260298.2,4.121498073,-4.731334909,4.553605906,0.032849496,0.995853392
ENSG00000260850.4,3.182540106,-4.996668745,3.907242918,0.048078411,0.995853392
ENSG00000198848.13,0.997653964,-2.634012544,6.33277967,0.01185264,0.995853392
ENSG00000169688.11,1.506256743,-3.47365678,5.116995091,0.023692609,0.995853392
ENSG00000260187.3,3.185981268,-4.996262027,3.913875394,0.047889046,0.995853392
ENSG00000263276.1,2.144092012,-3.409850909,15.08464328,0.000102796,0.995853392
ENSG00000260896.6,3.192864818,-4.99544985,3.927173294,0.047511742,0.995853392
ENSG00000280278.1,1.670436859,-2.94184374,12.62854487,0.000379901,0.995853392
ENSG00000280408.1,3.568703598,-4.901976031,5.111157441,0.023772456,0.995853392
ENSG00000181323.8,3.185981268,-4.996262027,3.913875394,0.047889046,0.995853392
ENSG00000244604.1,3.192851783,-4.995451381,3.927148135,0.047512453,0.995853392
ENSG00000109047.8,3.185981268,-4.996262027,3.913875394,0.047889046,0.995853392
ENSG00000240813.2,3.182540106,-4.996668745,3.907242918,0.048078411,0.995853392
ENSG00000214946.15,2.434621008,-4.203373887,6.620714486,0.010079939,0.995853392
ENSG00000266803.1,3.192851783,-4.995451381,3.927148135,0.047512453,0.995853392
ENSG00000288235.1,3.189401151,-4.995858278,3.920477045,0.047701343,0.995853392
ENSG00000237911.2,3.568679024,-4.901979071,5.111096438,0.023773292,0.995853392
ENSG00000287751.1,3.182540106,-4.996668745,3.907242918,0.048078411,0.995853392
ENSG00000266369.1,3.18596827,-4.996263556,3.913850381,0.047889759,0.995853392
ENSG00000266527.1,3.558996351,-4.903184859,5.087048625,0.024105182,0.995853392
ENSG00000266120.1,3.192851783,-4.995451381,3.927148135,0.047512453,0.995853392
ENSG00000280033.1,1.249937835,-3.614337253,4.285207995,0.038445378,0.995853392
ENSG00000108702.4,3.555759477,-4.903588641,5.079032994,0.024216873,0.995853392
ENSG00000289485.1,3.192851783,-4.995451381,3.927148135,0.047512453,0.995853392
ENSG00000141750.7,1.920681169,-4.149939978,5.264476754,0.021764965,0.995853392
ENSG00000257178.5,3.182540106,-4.996668745,3.907242918,0.048078411,0.995853392
ENSG00000229637.4,3.192877853,-4.99544832,3.927198454,0.047511031,0.995853392
ENSG00000251461.3,3.565456157,-4.902380073,5.103080448,0.023883392,0.995853392
ENSG00000262039.1,2.456972926,-4.580856641,4.579029126,0.032365548,0.995853392
ENSG00000250282.1,4.506485628,-4.579038699,9.370625527,0.002204903,0.995853392
ENSG00000262623.1,3.182540106,-4.996668745,3.907242918,0.048078411,0.995853392
ENSG00000278642.1,3.189414167,-4.995856748,3.920502131,0.047700631,0.995853392
ENSG00000267526.1,3.189401151,-4.995858278,3.920477045,0.047701343,0.995853392
ENSG00000293480.1,2.250360482,-4.654029447,3.849452306,0.049762238,0.995853392
ENSG00000277728.1,1.256024141,-3.619662217,4.63511836,0.031323984,0.995853392
ENSG00000264750.1,3.562212242,-4.902784028,5.095024015,0.023994582,0.995853392
ENSG00000266654.1,3.192851783,-4.995451381,3.927148135,0.047512453,0.995853392
ENSG00000288807.1,3.565443883,-4.902381593,5.103050024,0.023883811,0.995853392
ENSG00000265417.1,2.026844608,-4.090287037,7.040065444,0.007970612,0.995853392
ENSG00000265487.1,3.18596827,-4.996263556,3.913850381,0.047889759,0.995853392
ENSG00000267069.3,1.65641991,-3.856381277,4.770077622,0.02895852,0.995853392
ENSG00000264825.1,3.189414167,-4.995856748,3.920502131,0.047700631,0.995853392
ENSG00000265094.1,3.568679024,-4.901979071,5.111096438,0.023773292,0.995853392
ENSG00000275512.1,4.10910077,-4.731737848,8.124385182,0.004367379,0.995853392
ENSG00000285993.1,3.568728173,-4.901972991,5.111218446,0.02377162,0.995853392
ENSG00000264296.1,3.558996351,-4.903184859,5.087048625,0.024105182,0.995853392
ENSG00000134443.10,2.453723837,-4.578519842,4.86323723,0.027434813,0.995853392
ENSG00000260747.1,0.961677898,-1.829637027,9.054522972,0.002620458,0.995853392
ENSG00000276092.1,3.868015405,-4.814153552,6.001070146,0.014297204,0.995853392
ENSG00000286186.1,2.299036616,-4.259077518,7.131066313,0.007575966,0.995853392
ENSG00000267673.7,1.645069392,-3.857388546,5.214573503,0.02239834,0.995853392
ENSG00000207585.1,4.501964558,-4.579825907,11.33112554,0.000762187,0.995853392
ENSG00000141977.9,4.107147517,-4.732532984,8.176854298,0.004242827,0.995853392
ENSG00000289330.1,3.189401151,-4.995858278,3.920477045,0.047701343,0.995853392
ENSG00000271283.1,3.87389459,-4.814158081,4.224569746,0.039842719,0.995853392
ENSG00000271638.1,3.189427184,-4.995855218,3.920527218,0.047699919,0.995853392
ENSG00000268461.2,3.86145464,-4.814955914,6.963347589,0.008319623,0.995853392
ENSG00000279404.1,2.456972926,-4.580856641,4.579029126,0.032365548,0.995853392
ENSG00000267243.6,3.558996351,-4.903184859,5.087048625,0.024105182,0.995853392
ENSG00000267498.2,1.116800319,-3.252417937,3.930248227,0.047424944,0.995853392
ENSG00000266910.2,1.137766581,-2.254912706,4.826673373,0.028022651,0.995853392
ENSG00000266899.2,2.019908944,-4.379675314,5.02988686,0.024913526,0.995853392
ENSG00000266964.6,3.192864818,-4.99544985,3.927173294,0.047511742,0.995853392
ENSG00000226510.2,3.18596827,-4.996263556,3.913850381,0.047889759,0.995853392
ENSG00000267005.1,3.56546843,-4.902378554,5.103110872,0.023882974,0.995853392
ENSG00000267375.1,3.192877853,-4.99544832,3.927198454,0.047511031,0.995853392
ENSG00000269800.1,2.749366097,-4.045557769,8.566333086,0.003424361,0.995853392
ENSG00000221826.10,3.228912146,-4.259220247,5.752574417,0.016464512,0.995853392
ENSG00000170848.16,1.557507522,-3.902169495,5.535342137,0.018636121,0.995853392
ENSG00000243130.8,3.562236762,-4.90278099,5.095084708,0.023993742,0.995853392
ENSG00000268361.1,3.555759477,-4.903588641,5.079032994,0.024216873,0.995853392
ENSG00000268621.6,1.660646983,-4.259411142,3.864619612,0.049314371,0.995853392
ENSG00000269321.1,3.565456157,-4.902380073,5.103080448,0.023883392,0.995853392
ENSG00000269526.2,3.189414167,-4.995856748,3.920502131,0.047700631,0.995853392
ENSG00000275519.1,3.189414167,-4.995856748,3.920502131,0.047700631,0.995853392
ENSG00000267298.1,3.189427184,-4.995855218,3.920527218,0.047699919,0.995853392
ENSG00000268205.1,0.648278802,3.146333887,5.808231031,0.015951332,0.995853392
ENSG00000243234.1,2.121564944,-4.041582811,6.033533092,0.01403661,0.995853392
ENSG00000269794.1,1.770629488,-3.9948761,4.358379452,0.036827323,0.995853392
ENSG00000269600.2,1.889271957,-3.727769412,8.17281823,0.004252279,0.995853392
ENSG00000215388.3,1.325624175,-3.577123699,3.930593387,0.047415211,0.995853392
ENSG00000230176.3,2.143737983,-3.407737022,14.25621543,0.000159533,0.995853392
ENSG00000277087.1,3.192864818,-4.99544985,3.927173294,0.047511742,0.995853392
ENSG00000233625.1,3.189401151,-4.995858278,3.920477045,0.047701343,0.995853392
ENSG00000215553.3,1.80036933,-4.204735122,4.311381446,0.037858207,0.995853392
ENSG00000234832.1,1.435255538,-3.653277448,6.117495391,0.013385032,0.995853392
ENSG00000227379.2,3.56546843,-4.902378554,5.103110872,0.023882974,0.995853392
ENSG00000277112.4,3.189401151,-4.995858278,3.920477045,0.047701343,0.995853392
ENSG00000230801.1,3.562212242,-4.902784028,5.095024015,0.023994582,0.995853392
ENSG00000101336.18,3.189401151,-4.995858278,3.920477045,0.047701343,0.995853392
ENSG00000236456.1,1.022761567,-2.454783158,6.104760875,0.013481819,0.995853392
ENSG00000277235.1,1.652044385,-4.041896462,5.184207041,0.022793071,0.995853392
ENSG00000277022.1,3.192877853,-4.99544832,3.927198454,0.047511031,0.995853392
ENSG00000224565.2,4.496470055,-4.580608372,9.486961592,0.002069372,0.995853392
ENSG00000287443.1,3.18596827,-4.996263556,3.913850381,0.047889759,0.995853392
ENSG00000237788.1,1.793086422,-4.201734858,5.102015011,0.023898066,0.995853392
ENSG00000254419.1,2.666139592,-4.510996667,4.055806925,0.044019676,0.995853392
ENSG00000270951.1,3.56546843,-4.902378554,5.103110872,0.023882974,0.995853392
ENSG00000235277.1,3.568728173,-4.901972991,5.111218446,0.02377162,0.995853392
ENSG00000237527.1,4.504810579,-4.579040179,10.21390123,0.00139386,0.995853392
ENSG00000212136.1,3.189414167,-4.995856748,3.920502131,0.047700631,0.995853392
ENSG00000273210.1,3.192851783,-4.995451381,3.927148135,0.047512453,0.995853392
ENSG00000231231.5,3.192851783,-4.995451381,3.927148135,0.047512453,0.995853392
ENSG00000289546.1,2.948256155,-4.375511402,7.996998406,0.004685496,0.995853392
ENSG00000220248.1,3.189427184,-4.995855218,3.920527218,0.047699919,0.995853392
ENSG00000231086.1,2.026860871,-4.092966497,7.040181034,0.007970098,0.995853392
ENSG00000290983.1,3.18596827,-4.996263556,3.913850381,0.047889759,0.995853392
ENSG00000284621.1,3.189414167,-4.995856748,3.920502131,0.047700631,0.995853392
ENSG00000263366.2,3.192838749,-4.995452911,3.927122975,0.047513164,0.995853392
ENSG00000099984.12,3.192864818,-4.99544985,3.927173294,0.047511742,0.995853392
ENSG00000289489.1,3.189401151,-4.995858278,3.920477045,0.047701343,0.995853392
ENSG00000231253.2,3.192838749,-4.995452911,3.927122975,0.047513164,0.995853392
ENSG00000287219.1,3.182540106,-4.996668745,3.907242918,0.048078411,0.995853392
ENSG00000229999.6,3.859316098,-4.815355461,6.617986394,0.010095391,0.995853392
ENSG00000227370.1,1.857075377,-4.444158428,4.036591445,0.044523663,0.995853392
ENSG00000270022.3,3.568728173,-4.901972991,5.111218446,0.02377162,0.995853392
ENSG00000227042.1,3.192864818,-4.99544985,3.927173294,0.047511742,0.995853392
ENSG00000265465.1,3.192851783,-4.995451381,3.927148135,0.047512453,0.995853392
ENSG00000201882.1,3.192851783,-4.995451381,3.927148135,0.047512453,0.995853392
ENSG00000224204.1,3.850039029,-4.815756431,5.422221031,0.019882053,0.995853392
ENSG00000289084.1,1.964172575,-3.690073761,8.90674348,0.002841195,0.995853392
ENSG00000236683.3,0.907973505,-1.950304225,5.444070614,0.019634859,0.995853392
ENSG00000233921.2,3.568703598,-4.901976031,5.111157441,0.023772456,0.995853392
ENSG00000219186.2,2.449140995,-4.578123793,4.482070962,0.034252192,0.995853392
ENSG00000214019.2,1.733604846,-3.815509405,5.837303952,0.01568985,0.995853392
ENSG00000215035.2,2.806120638,-4.441885023,7.499987216,0.006169943,0.995853392
ENSG00000287370.1,3.562236762,-4.90278099,5.095084708,0.023993742,0.995853392
ENSG00000186675.7,3.18596827,-4.996263556,3.913850381,0.047889759,0.995853392
ENSG00000227581.2,3.182540106,-4.996668745,3.907242918,0.048078411,0.995853392
ENSG00000226081.2,3.18596827,-4.996263556,3.913850381,0.047889759,0.995853392
ENSG00000270813.2,2.952676254,-4.377807942,8.10702739,0.004409398,0.995853392
ENSG00000286794.2,3.192838749,-4.995452911,3.927122975,0.047513164,0.995853392
ENSG00000238049.2,3.18596827,-4.996263556,3.913850381,0.047889759,0.995853392
ENSG00000291310.1,3.192864818,-4.99544985,3.927173294,0.047511742,0.995853392
ENSG00000274374.1,2.640002238,-4.507402293,6.053942674,0.013875281,0.995853392
ENSG00000206622.1,3.189414167,-4.995856748,3.920502131,0.047700631,0.995853392
ENSG00000282933.4,1.660293308,-4.257049759,4.05642172,0.044003651,0.995853392
ENSG00000179101.5,0.793027653,-2.174093758,5.081724239,0.024179313,0.995853392
ENSG00000122122.10,3.558984105,-4.903186378,5.087018356,0.024105603,0.995853392
ENSG00000274775.3,3.192864818,-4.99544985,3.927173294,0.047511742,0.995853392
ENSG00000134588.13,3.192851783,-4.995451381,3.927148135,0.047512453,0.995853392
ENSG00000230079.1,2.449140995,-4.578123793,4.482070962,0.034252192,0.995853392
ENSG00000214653.4,1.080315777,-2.683217823,5.817711581,0.015865574,0.995853392
ENSG00000238039.1,1.879690968,-4.1438036,3.85485818,0.04960212,0.995853392
ENSG00000147381.12,4.312434783,-4.654567237,7.540211201,0.006033697,0.995853392
ENSG00000231830.1,3.562224502,-4.902782509,5.095054362,0.023994162,0.995853392
ENSG00000276700.1,3.192851783,-4.995451381,3.927148135,0.047512453,0.995853392
ENSG00000230368.2,-2.382262828,-4.58373348,4.320795901,0.037649309,0.995853392
ENSG00000238164.6,-4.047565396,-4.738443592,7.231298392,0.007164337,0.995853392
ENSG00000289835.1,-2.866855392,-4.384494948,6.292185701,0.012127141,0.995853392
ENSG00000162526.7,-1.377623605,-3.950874774,3.84611486,0.049861363,0.995853392
ENSG00000279179.1,-2.113282788,-4.314743174,4.379801474,0.036367233,0.995853392
ENSG00000169218.14,-2.384170442,-4.584124016,4.330793215,0.0374288,0.995853392
ENSG00000252448.1,-3.53409999,-4.903255813,4.916031868,0.026608565,0.995853392
ENSG00000288573.3,-1.141986305,-3.408831094,3.933347118,0.047337638,0.995853392
ENSG00000227857.2,-1.194784119,-3.38038862,4.370637246,0.036563316,0.995853392
ENSG00000285839.1,-3.53409999,-4.903255813,4.916031868,0.026608565,0.995853392
ENSG00000237663.2,-3.200445474,-4.99140684,3.853380955,0.04964582,0.995853392
ENSG00000285407.1,-1.199521391,-3.486189313,4.194840986,0.040547156,0.995853392
ENSG00000226088.1,-0.767076433,-2.034773606,4.035198138,0.044560442,0.995853392
ENSG00000223254.1,-5.181371233,-4.212851636,10.0908839,0.001490046,0.995853392
ENSG00000267734.1,-3.200445474,-4.99140684,3.853380955,0.04964582,0.995853392
ENSG00000183347.15,-1.736771268,-3.775909345,6.403999968,0.011386354,0.995853392
ENSG00000156097.13,-3.396538893,-4.105503576,5.866942438,0.015427825,0.995853392
ENSG00000143105.7,-3.792419257,-4.821338566,5.971657081,0.014537613,0.995853392
ENSG00000177301.16,-0.951994369,-2.148860448,7.495869526,0.006184067,0.995853392
ENSG00000238198.2,-1.783904745,-3.158129669,12.22029796,0.000472724,0.995853392
ENSG00000116748.22,-3.799240385,-4.820034638,5.914850688,0.015013775,0.995853392
ENSG00000290578.1,-1.224707581,-3.262632476,6.476018508,0.010933964,0.995853392
ENSG00000229828.2,-3.792419257,-4.821338566,5.971657081,0.014537613,0.995853392
ENSG00000224481.4,-2.993128947,-4.325413692,7.923439487,0.004879842,0.995853392
ENSG00000207340.1,-4.658411786,-4.50717341,10.2626967,0.001357471,0.995853392
ENSG00000233473.2,-3.826628672,-4.814765195,6.590280006,0.010253704,0.995853392
ENSG00000288775.2,-4.242109433,-4.661961668,7.751578157,0.005366562,0.995853392
ENSG00000227777.1,-3.502043957,-4.907244232,4.839812279,0.027809922,0.995853392
ENSG00000233540.1,-3.502043957,-4.907244232,4.839812279,0.027809922,0.995853392
ENSG00000181101.7,-2.392690544,-4.581509781,4.500896952,0.033877079,0.995853392
ENSG00000120332.17,-0.879024107,-2.005112587,6.708544803,0.009595199,0.995853392
ENSG00000236539.3,-1.555023448,-3.865263833,4.693743508,0.030272625,0.995853392
ENSG00000236942.1,-2.854901119,-4.385650008,4.372319597,0.036527237,0.995853392
ENSG00000287445.1,-1.075806733,-2.48692397,5.632671294,0.017628747,0.995853392
ENSG00000221406.1,-3.826628672,-4.814765195,6.590280006,0.010253704,0.995853392
ENSG00000143801.18,-0.701979674,-1.24665906,4.30924231,0.037905841,0.995853392
ENSG00000177800.2,-3.587234846,-4.896614541,5.04585757,0.024684886,0.995853392
ENSG00000227006.2,-1.661652884,-4.00460467,4.468814371,0.034518937,0.995853392
ENSG00000224939.1,-3.537115667,-4.047312255,15.51079258,8.2035532396002e-05,0.995853392
ENSG00000207181.1,-0.972817413,-2.843513435,4.21587721,0.040047354,0.995853392
ENSG00000215808.4,-2.755653518,-4.441650725,5.536773189,0.018620887,0.995853392
ENSG00000203663.4,-4.020474242,-4.740407944,6.610181124,0.010139735,0.995853392
ENSG00000203635.2,-4.267687578,-4.66068003,8.945135968,0.002782094,0.995853392
ENSG00000223522.2,-2.744676265,-4.441370368,6.616984532,0.010101072,0.995853392
ENSG00000226523.1,-3.522291259,-4.904611197,4.888858374,0.027030554,0.995853392
ENSG00000250116.2,-1.204090785,-3.177374931,5.430173096,0.019791717,0.995853392
ENSG00000277396.1,-3.560549046,-4.899938097,4.980264172,0.025638068,0.995853392
ENSG00000235760.4,-1.108996156,-3.226852487,4.889288045,0.027023828,0.995853392
ENSG00000272663.1,-0.890517918,-2.447315559,4.855578211,0.027556876,0.995853392
ENSG00000289410.2,-1.400180878,-2.975319608,8.771112316,0.003060388,0.995853392
ENSG00000229839.6,-1.131308788,-2.754733703,7.396074709,0.006536636,0.995853392
ENSG00000275381.1,-1.566398041,-4.049021809,4.033047575,0.044617274,0.995853392
ENSG00000115386.6,-1.928863285,-3.687495805,4.525122769,0.033400679,0.995853392
ENSG00000224061.1,-2.815530233,-4.435874822,4.814451993,0.028222044,0.995853392
ENSG00000236877.2,-3.823096955,-4.816748594,6.332659526,0.011853443,0.995853392
ENSG00000225398.3,-3.200445474,-4.99140684,3.853380955,0.04964582,0.995853392
ENSG00000196834.14,-0.952709293,-2.148392036,6.838891781,0.008919416,0.995853392
ENSG00000290902.1,-1.692616111,-3.474199567,7.582756411,0.005892926,0.995853392
ENSG00000248672.5,-3.538380996,-4.902615314,4.927341888,0.02643495,0.995853392
ENSG00000144285.23,-3.200445474,-4.99140684,3.853380955,0.04964582,0.995853392
ENSG00000222033.1,-2.274786825,-3.943329207,7.086096878,0.007768426,0.995853392
ENSG00000270277.1,-0.975094632,-2.183302675,5.109720495,0.023792153,0.995853392
ENSG00000223873.1,-3.491967021,-4.908559441,4.815577273,0.028203623,0.995853392
ENSG00000288866.1,-1.832799766,-4.152238969,5.28360745,0.021527101,0.995853392
ENSG00000182329.14,-0.982364834,-1.810718438,5.03358037,0.024860454,0.995853392
ENSG00000234714.1,-1.941090434,-4.382824216,4.537962794,0.033151023,0.995853392
ENSG00000144410.5,-1.498837621,-3.449377051,7.70064824,0.0055201,0.995853392
ENSG00000288819.2,-1.941521461,-4.383588972,4.555436673,0.032814395,0.995853392
ENSG00000268603.2,-2.032029703,-3.42360927,6.224834328,0.012597069,0.995853392
ENSG00000233538.1,-4.065069887,-4.737150267,8.001701031,0.004673343,0.995853392
ENSG00000224844.1,-3.560549046,-4.899938097,4.980264172,0.025638068,0.995853392
ENSG00000207611.1,-3.538380996,-4.902615314,4.927341888,0.02643495,0.995853392
ENSG00000288550.3,-3.502043957,-4.907244232,4.839812279,0.027809922,0.995853392
ENSG00000157150.5,-0.818092203,-1.876865445,4.509031848,0.03371632,0.995853392
ENSG00000251774.1,-3.822986598,-4.81607264,6.643252318,0.009953207,0.995853392
ENSG00000224074.3,-3.522291259,-4.904611197,4.888858374,0.027030554,0.995853392
ENSG00000290076.1,-2.565644056,-4.513991849,4.796515197,0.028517363,0.995853392
ENSG00000170011.14,-0.607398609,-1.209002868,4.675652067,0.030593087,0.995853392
ENSG00000233919.1,-3.808130862,-4.817424261,4.09438151,0.043025969,0.995853392
ENSG00000233509.2,-1.167230994,-2.732120936,8.010794907,0.004649932,0.995853392
ENSG00000226913.2,-1.715120345,-3.784263752,5.760398802,0.016391351,0.995853392
ENSG00000213600.3,-4.157604303,-4.72734444,6.199823115,0.012776308,0.995853392
ENSG00000243224.2,-0.688779868,-1.862192129,4.113179642,0.042550294,0.995853392
ENSG00000010327.10,-0.76384833,-1.876887892,4.660433083,0.030865405,0.995853392
ENSG00000212493.1,-1.863198863,-3.906779897,7.351945488,0.006699023,0.995853392
ENSG00000240882.1,-2.322459733,-3.653370498,11.39095927,0.000738024,0.995853392
ENSG00000246022.4,-2.313873425,-4.208549997,4.713618985,0.029924593,0.995853392
ENSG00000239608.1,-4.634017594,-4.510969626,10.63932155,0.001107083,0.995853392
ENSG00000286806.1,-3.502043957,-4.907244232,4.839812279,0.027809922,0.995853392
ENSG00000289351.2,-3.538380996,-4.902615314,4.927341888,0.02643495,0.995853392
ENSG00000288700.2,-2.308190473,-4.211900073,5.260327231,0.021816916,0.995853392
ENSG00000249290.5,-1.773425069,-3.949003057,6.265590244,0.012310515,0.995853392
ENSG00000241679.2,-3.518022864,-4.905251114,4.877673433,0.027206266,0.995853392
ENSG00000231213.7,-4.038708794,-4.737823069,6.49923618,0.010792085,0.995853392
ENSG00000182000.9,-3.481921499,-4.909873778,4.791532321,0.028599973,0.995853392
ENSG00000239265.5,-2.88117531,-4.379634341,7.965185272,0.004768561,0.995853392
ENSG00000286585.3,-0.835922661,-2.736594367,4.004108219,0.045389503,0.995853392
ENSG00000226765.1,-3.560549046,-4.899938097,4.980264172,0.025638068,0.995853392
ENSG00000289435.1,-4.047565396,-4.738443592,7.231298392,0.007164337,0.995853392
ENSG00000289165.2,-2.220724911,-4.258029884,6.59110422,0.010248958,0.995853392
ENSG00000272707.1,-1.32498143,-3.10819179,5.638378392,0.017571452,0.995853392
ENSG00000287117.1,-1.63207632,-3.661777414,7.081243394,0.007789494,0.995853392
ENSG00000250942.1,-1.808490206,-3.737335958,8.289716587,0.003987021,0.995853392
ENSG00000289865.1,-4.067256889,-4.73388713,8.138519371,0.004333465,0.995853392
ENSG00000286297.1,-3.55456837,-4.900617246,4.966331333,0.025845412,0.995853392
ENSG00000242640.1,-1.45857865,-4.098380446,3.856108983,0.04956515,0.995853392
ENSG00000250927.1,-2.724641687,-4.449250045,6.562840896,0.010413,0.995853392
ENSG00000250254.2,-3.544318955,-4.901936967,4.941082552,0.026225606,0.995853392
ENSG00000178343.5,-0.739658683,-0.870107332,5.433099497,0.01975858,0.995853392
ENSG00000248283.2,-3.491967021,-4.908559441,4.815577273,0.028203623,0.995853392
ENSG00000202014.1,-3.538380996,-4.902615314,4.927341888,0.02643495,0.995853392
ENSG00000250456.1,-3.481921499,-4.909873778,4.791532321,0.028599973,0.995853392
ENSG00000250612.2,-3.820129293,-4.817379241,5.813832169,0.015900608,0.995853392
ENSG00000249717.1,-2.828993684,-4.436931624,4.137670481,0.041938846,0.995853392
ENSG00000248713.2,-3.53409999,-4.903255813,4.916031868,0.026608565,0.995853392
ENSG00000286291.1,-3.55456837,-4.900617246,4.966331333,0.025845412,0.995853392
ENSG00000206601.1,-2.727832259,-4.445494499,4.225628421,0.039817872,0.995853392
ENSG00000251046.2,-3.518022864,-4.905251114,4.877673433,0.027206266,0.995853392
ENSG00000249815.2,-3.799240385,-4.820034638,5.914850688,0.015013775,0.995853392
ENSG00000248810.4,-1.21628455,-2.639639385,8.487965291,0.003575034,0.995853392
ENSG00000248356.1,-3.522291259,-4.904611197,4.888858374,0.027030554,0.995853392
ENSG00000234828.9,-4.020474242,-4.740407944,6.610181124,0.010139735,0.995853392
ENSG00000250350.1,-3.200445474,-4.99140684,3.853380955,0.04964582,0.995853392
ENSG00000121211.8,-1.099732232,-3.233840181,4.180495738,0.040891738,0.995853392
ENSG00000256394.3,-3.704984854,-4.823943903,4.071423924,0.043614494,0.995853392
ENSG00000164122.9,-0.974635602,-2.260904061,7.671982636,0.00560848,0.995853392
ENSG00000185758.9,-3.853496036,-4.814088455,5.718079596,0.016791086,0.995853392
ENSG00000287183.1,-3.760379209,-4.822641654,5.31006592,0.021202554,0.995853392
ENSG00000288622.1,-4.074791897,-4.732590889,7.711779686,0.005486164,0.995853392
ENSG00000188242.4,-4.038708794,-4.737823069,6.49923618,0.010792085,0.995853392
ENSG00000286970.1,-0.978816643,-2.980928251,4.453571318,0.034828338,0.995853392
ENSG00000293060.1,-1.570336166,-4.048003197,4.585491459,0.032243723,0.995853392
ENSG00000253766.1,-2.121481458,-4.31350989,4.306785748,0.037960622,0.995853392
ENSG00000289601.1,-4.067256889,-4.73388713,8.138519371,0.004333465,0.995853392
ENSG00000273294.1,-3.512152107,-4.905928151,4.864238819,0.027418892,0.995853392
ENSG00000215156.5,-3.544318955,-4.901936967,4.941082552,0.026225606,0.995853392
ENSG00000286656.2,-3.986952739,-4.741699168,5.753327961,0.016457451,0.995853392
ENSG00000248918.2,-3.50789013,-4.906567702,4.853131048,0.027595996,0.995853392
ENSG00000249899.6,-3.55456837,-4.900617246,4.966331333,0.025845412,0.995853392
ENSG00000250853.1,-1.93782047,-4.101374065,5.648761205,0.017467708,0.995853392
ENSG00000248185.1,-3.760379209,-4.822641654,5.31006592,0.021202554,0.995853392
ENSG00000290560.1,-0.853764144,-2.67229068,3.867712492,0.049223567,0.995853392
ENSG00000281327.4,-1.620247515,-3.259607316,4.98601036,0.025553059,0.995853392
ENSG00000249959.6,-2.44327246,-4.156080191,7.786117406,0.005264922,0.995853392
ENSG00000243304.3,-1.706417416,-4.207000042,3.96513405,0.046451823,0.995853392
ENSG00000248927.1,-3.50789013,-4.906567702,4.853131048,0.027595996,0.995853392
ENSG00000164185.7,-0.741117948,-0.596749097,4.158863967,0.041417174,0.995853392
ENSG00000286615.3,-1.02675736,-3.028123714,4.731953146,0.029607246,0.995853392
ENSG00000250405.2,-3.799240385,-4.820034638,5.914850688,0.015013775,0.995853392
ENSG00000164404.9,-0.771319843,-1.504137206,4.933009696,0.026348389,0.995853392
ENSG00000279691.1,-1.204919883,-3.177799051,6.530574069,0.010603573,0.995853392
ENSG00000277619.1,-1.124774963,-3.315426222,4.257558936,0.039076035,0.995853392
ENSG00000250378.4,-3.522291259,-4.904611197,4.888858374,0.027030554,0.995853392
ENSG00000253404.1,-1.185994508,-3.384677635,4.571121869,0.032515265,0.995853392
ENSG00000275506.1,-3.528186561,-4.903933651,4.902409885,0.026819244,0.995853392
ENSG00000253959.1,-2.391352019,-4.581118712,4.4929864,0.034034173,0.995853392
ENSG00000251446.1,-3.544318955,-4.901936967,4.941082552,0.026225606,0.995853392
ENSG00000253869.1,-2.38502493,-4.585396613,4.751689476,0.029269544,0.995853392
ENSG00000286281.1,-1.061193511,-2.79284921,6.243213665,0.012467006,0.995853392
ENSG00000271888.1,-0.853648822,-1.988570848,6.475188463,0.010939071,0.995853392
ENSG00000286885.3,-1.029408039,-2.953526204,3.97937091,0.046060763,0.995853392
ENSG00000233358.2,-3.538380996,-4.902615314,4.927341888,0.02643495,0.995853392
ENSG00000224447.1,-4.157604303,-4.72734444,6.199823115,0.012776308,0.995853392
ENSG00000275221.2,-1.215387782,-2.924374319,5.556833835,0.018408678,0.995853392
ENSG00000168126.3,-3.5708531,-4.89861699,5.005834084,0.025262028,0.995853392
ENSG00000273712.1,-1.637601405,-3.820126409,4.144376726,0.041773031,0.995853392
ENSG00000198704.10,-3.200445474,-4.99140684,3.853380955,0.04964582,0.995853392
ENSG00000224586.7,-3.512152107,-4.905928151,4.864238819,0.027418892,0.995853392
ENSG00000227206.1,-3.560549046,-4.899938097,4.980264172,0.025638068,0.995853392
ENSG00000204657.4,-2.454280531,-4.150988649,8.679150887,0.003218709,0.995853392
ENSG00000214922.9,-3.538380996,-4.902615314,4.927341888,0.02643495,0.995853392
ENSG00000231130.1,-3.544318955,-4.901936967,4.941082552,0.026225606,0.995853392
ENSG00000236405.1,-3.587234846,-4.896614541,5.04585757,0.024684886,0.995853392
ENSG00000256851.1,-3.55456837,-4.900617246,4.966331333,0.025845412,0.995853392
ENSG00000197251.4,-1.334983368,-3.417341806,6.318136641,0.011950915,0.995853392
ENSG00000288879.2,-1.378011315,-3.950225432,4.171873824,0.04110032,0.995853392
ENSG00000275550.1,-3.538380996,-4.902615314,4.927341888,0.02643495,0.995853392
ENSG00000271754.1,-1.701384524,-3.643814065,3.914387951,0.047874445,0.995853392
ENSG00000283573.1,-3.502043957,-4.907244232,4.839812279,0.027809922,0.995853392
ENSG00000137225.13,-4.617047003,-4.516093971,11.53411004,0.000683308,0.995853392
ENSG00000219790.3,-3.512152107,-4.905928151,4.864238819,0.027418892,0.995853392
ENSG00000287679.1,-2.564001727,-4.516127854,5.661223733,0.017344018,0.995853392
ENSG00000260645.2,-1.284283035,-2.665951574,8.97964796,0.002730032,0.995853392
ENSG00000271931.1,-4.069028295,-4.734561186,7.055917601,0.007900383,0.995853392
ENSG00000219257.2,-3.538380996,-4.902615314,4.927341888,0.02643495,0.995853392
ENSG00000220237.1,-3.512152107,-4.905928151,4.864238819,0.027418892,0.995853392
ENSG00000289256.2,-1.459304988,-4.096078553,3.948597882,0.046910439,0.995853392
ENSG00000220522.2,-3.760379209,-4.822641654,5.31006592,0.021202554,0.995853392
ENSG00000220694.2,-3.481921499,-4.909873778,4.791532321,0.028599973,0.995853392
ENSG00000289312.1,-2.543824149,-4.103169575,8.158145586,0.004286818,0.995853392
ENSG00000177468.7,-4.038708794,-4.737823069,6.49923618,0.010792085,0.995853392
ENSG00000229036.8,-1.402242615,-3.779164176,4.636940619,0.031290737,0.995853392
ENSG00000233682.3,-1.941763887,-4.380914283,4.326587762,0.037521393,0.995853392
ENSG00000249141.1,-2.722046735,-4.44674559,5.105506723,0.023850012,0.995853392
ENSG00000227508.6,-2.645118947,-4.085534243,5.100059714,0.02392502,0.995853392
ENSG00000236318.2,-1.181244159,-3.284250404,4.701978801,0.030127911,0.995853392
ENSG00000236569.3,-3.502043957,-4.907244232,4.839812279,0.027809922,0.995853392
ENSG00000228421.2,-3.203967573,-4.211480326,6.956669526,0.008350734,0.995853392
ENSG00000285536.1,-3.53409999,-4.903255813,4.916031868,0.026608565,0.995853392
ENSG00000289059.1,-2.587022274,-4.509069701,5.080900199,0.024190807,0.995853392
ENSG00000250990.1,-1.948635406,-3.861903569,8.251606792,0.004071594,0.995853392
ENSG00000228711.1,-1.853188753,-4.143582579,4.807117005,0.028342424,0.995853392
ENSG00000235450.1,-4.414783913,-4.647023441,6.000829325,0.014299155,0.995853392
ENSG00000287932.1,-3.518022864,-4.905251114,4.877673433,0.027206266,0.995853392
ENSG00000290101.1,-1.170874746,-3.033532995,4.043542383,0.044340655,0.995853392
ENSG00000231170.7,-2.654509195,-4.047896021,9.410911227,0.00215698,0.995853392
ENSG00000232032.1,-3.5708531,-4.89861699,5.005834084,0.025262028,0.995853392
ENSG00000226851.1,-0.753896005,-2.078113096,4.006307955,0.045330313,0.995853392
ENSG00000243243.5,-1.570336166,-4.048003197,4.585491459,0.032243723,0.995853392
ENSG00000240499.7,-4.295044085,-4.65291368,8.738889806,0.003114941,0.995853392
ENSG00000226770.1,-2.495805783,-4.107393713,5.116991202,0.023692662,0.995853392
ENSG00000240790.3,-1.712749686,-4.20110943,4.622056995,0.031563365,0.995853392
ENSG00000270512.1,-3.840869181,-4.815441647,5.212389649,0.02242649,0.995853392
ENSG00000290815.1,-3.522291259,-4.904611197,4.888858374,0.027030554,0.995853392
ENSG00000240621.1,-3.5708531,-4.89861699,5.005834084,0.025262028,0.995853392
ENSG00000282692.1,-3.512152107,-4.905928151,4.864238819,0.027418892,0.995853392
ENSG00000261451.1,-2.54692429,-4.517388659,4.986378447,0.025547624,0.995853392
ENSG00000255020.1,-1.68958454,-3.213552511,9.618588523,0.001926177,0.995853392
ENSG00000283402.1,-3.55456837,-4.900617246,4.966331333,0.025845412,0.995853392
ENSG00000253476.1,-1.353777671,-3.655856175,5.009765991,0.025204714,0.995853392
ENSG00000272092.1,-0.711077405,-1.711391602,4.01817722,0.045012337,0.995853392
ENSG00000253133.2,-2.404345568,-3.860693019,11.43841304,0.000719412,0.995853392
ENSG00000206144.5,-3.512152107,-4.905928151,4.864238819,0.027418892,0.995853392
ENSG00000244159.1,-3.823096955,-4.816748594,6.332659526,0.011853443,0.995853392
ENSG00000287975.1,-2.570249992,-4.513323938,5.988873258,0.014396395,0.995853392
ENSG00000253712.1,-4.241716379,-4.661350474,7.532004081,0.006061245,0.995853392
ENSG00000251521.3,-1.211449099,-3.268052704,4.442677895,0.035051227,0.995853392
ENSG00000252297.1,-4.275422012,-4.659397613,9.339189317,0.002243047,0.995853392
ENSG00000132297.13,-3.538380996,-4.902615314,4.927341888,0.02643495,0.995853392
ENSG00000253521.2,-3.512152107,-4.905928151,4.864238819,0.027418892,0.995853392
ENSG00000253574.5,-4.262991895,-4.723386745,4.499611172,0.033902562,0.995853392
ENSG00000160886.13,-2.571767071,-4.510127732,5.911904175,0.015038907,0.995853392
ENSG00000237009.2,-2.09281156,-4.31788005,4.971865792,0.025762842,0.995853392
ENSG00000214190.2,-3.53409999,-4.903255813,4.916031868,0.026608565,0.995853392
ENSG00000225489.9,-0.700984777,-1.326617083,5.053808604,0.02457187,0.995853392
ENSG00000283982.1,-1.666632037,-3.483670799,6.154825198,0.013105407,0.995853392
ENSG00000287139.1,-2.339264458,-4.205366321,6.163620784,0.013040401,0.995853392
ENSG00000287063.1,-2.092430767,-4.316642723,5.275599388,0.021626341,0.995853392
ENSG00000228352.2,-1.388813427,-3.783973741,4.214720777,0.040074661,0.995853392
ENSG00000205108.6,-2.343361941,-4.201439798,7.535580119,0.006049226,0.995853392
ENSG00000281491.1,-3.491967021,-4.908559441,4.815577273,0.028203623,0.995853392
ENSG00000288571.1,-3.781431646,-4.820664387,5.271575156,0.02167639,0.995853392
ENSG00000274680.1,-3.502043957,-4.907244232,4.839812279,0.027809922,0.995853392
ENSG00000291166.1,-3.200445474,-4.99140684,3.853380955,0.04964582,0.995853392
ENSG00000237529.2,-1.023498721,-2.46804458,5.804674271,0.015983628,0.995853392
ENSG00000285987.1,-2.943689399,-4.328533529,5.329810006,0.02096367,0.995853392
ENSG00000288023.1,-3.200445474,-4.99140684,3.853380955,0.04964582,0.995853392
ENSG00000236095.1,-4.626846605,-4.510374217,11.84308857,0.000578758,0.995853392
ENSG00000197214.5,-3.200445474,-4.99140684,3.853380955,0.04964582,0.995853392
ENSG00000230826.1,-4.085522286,-4.730618525,7.597251615,0.005845734,0.995853392
ENSG00000286428.1,-4.282565775,-4.656770798,7.246053359,0.007105702,0.995853392
ENSG00000233998.1,-3.528186561,-4.903933651,4.902409885,0.026819244,0.995853392
ENSG00000229205.5,-1.440290045,-3.479125677,6.563098781,0.010411491,0.995853392
ENSG00000287175.1,-1.943073292,-4.381682642,4.349876018,0.037011641,0.995853392
ENSG00000287564.2,-1.436425408,-2.869478705,8.221499248,0.004139699,0.995853392
ENSG00000226578.1,-1.675119981,-4.000065674,5.513051106,0.018875092,0.995853392
ENSG00000290535.1,-1.375884596,-2.748028704,8.850461946,0.002930147,0.995853392
ENSG00000290913.1,-3.799240385,-4.820034638,5.914850688,0.015013775,0.995853392
ENSG00000290956.1,-1.498056226,-3.730563446,5.017869052,0.025087024,0.995853392
ENSG00000188199.11,-0.918923576,-2.75111195,4.350260712,0.037003281,0.995853392
ENSG00000234319.1,-3.538380996,-4.902615314,4.927341888,0.02643495,0.995853392
ENSG00000236373.2,-2.079320535,-4.040709797,5.225091855,0.022263271,0.995853392
ENSG00000289512.2,-3.200445474,-4.99140684,3.853380955,0.04964582,0.995853392
ENSG00000286795.1,-3.808130862,-4.817424261,4.09438151,0.043025969,0.995853392
ENSG00000260475.2,-1.593284376,-3.853979767,4.029730729,0.044705076,0.995853392
ENSG00000230224.1,-1.034288751,-3.183383104,4.250383472,0.039241469,0.995853392
ENSG00000119915.5,-1.897289636,-3.871223215,4.817537978,0.028171557,0.995853392
ENSG00000286575.1,-1.471667011,-3.741276832,4.596185886,0.032043168,0.995853392
ENSG00000288933.2,-4.295044085,-4.65291368,8.738889806,0.003114941,0.995853392
ENSG00000285715.1,-4.053313239,-4.73647718,6.432963863,0.01120215,0.995853392
ENSG00000189275.6,-1.705053646,-4.206623987,3.947289205,0.046946937,0.995853392
ENSG00000224777.3,-1.851108879,-3.912699351,6.324373802,0.011908953,0.995853392
ENSG00000269915.1,-2.087747981,-4.320819423,5.391406192,0.020236157,0.995853392
ENSG00000205866.4,-3.704984854,-4.823943903,4.071423924,0.043614494,0.995853392
ENSG00000247473.2,-3.85847068,-4.813456908,5.707402056,0.016893522,0.995853392
ENSG00000258659.7,-3.792419257,-4.821338566,5.971657081,0.014537613,0.995853392
ENSG00000166368.3,-3.560549046,-4.899938097,4.980264172,0.025638068,0.995853392
ENSG00000289518.1,-3.50789013,-4.906567702,4.853131048,0.027595996,0.995853392
ENSG00000279266.1,-3.491967021,-4.908559441,4.815577273,0.028203623,0.995853392
ENSG00000255372.1,-3.53409999,-4.903255813,4.916031868,0.026608565,0.995853392
ENSG00000235661.3,-3.932024488,-4.809481045,5.179882243,0.022849872,0.995853392
ENSG00000286418.1,-3.502043957,-4.907244232,4.839812279,0.027809922,0.995853392
ENSG00000066336.13,-3.53409999,-4.903255813,4.916031868,0.026608565,0.995853392
ENSG00000255381.1,-4.125549071,-4.729320173,6.473284421,0.010950797,0.995853392
ENSG00000290995.1,-2.078310148,-4.32394441,4.881060282,0.027152935,0.995853392
ENSG00000255606.1,-3.518022864,-4.905251114,4.877673433,0.027206266,0.995853392
ENSG00000255261.1,-3.813982577,-4.819359964,6.435920531,0.011183519,0.995853392
ENSG00000158483.20,-3.26804779,-4.198961542,10.22932677,0.001382251,0.995853392
ENSG00000293324.1,-1.400934178,-3.061795865,4.17629046,0.040993333,0.995853392
ENSG00000166391.15,-1.675333353,-3.999051313,5.586279693,0.018101703,0.995853392
ENSG00000255363.3,-3.50789013,-4.906567702,4.853131048,0.027595996,0.995853392
ENSG00000254632.2,-3.813982577,-4.819359964,6.435920531,0.011183519,0.995853392
ENSG00000197882.3,-1.963400264,-4.095859487,4.88712873,0.027057649,0.995853392
ENSG00000234106.3,-0.902546906,-2.882923633,4.848858116,0.02766444,0.995853392
ENSG00000233497.4,-3.481921499,-4.909873778,4.791532321,0.028599973,0.995853392
ENSG00000149305.8,-2.604127094,-4.506537409,4.949658437,0.026095824,0.995853392
ENSG00000252870.1,-3.200445474,-4.99140684,3.853380955,0.04964582,0.995853392
ENSG00000232460.4,-1.066713165,-3.444866397,4.120112702,0.042376255,0.995853392
ENSG00000109943.9,-3.528186561,-4.903933651,4.902409885,0.026819244,0.995853392
ENSG00000254737.3,-1.436940148,-3.14484695,6.482455142,0.01089444,0.995853392
ENSG00000255425.6,-2.862045601,-4.38592969,6.948859538,0.008387269,0.995853392
ENSG00000254932.2,-3.512152107,-4.905928151,4.864238819,0.027418892,0.995853392
ENSG00000283703.3,-3.826628672,-4.814765195,6.590280006,0.010253704,0.995853392
ENSG00000281097.1,-3.781431646,-4.820664387,5.271575156,0.02167639,0.995853392
ENSG00000254481.1,-3.502043957,-4.907244232,4.839812279,0.027809922,0.995853392
ENSG00000254016.3,-1.499551053,-3.323384219,6.489425092,0.010851807,0.995853392
ENSG00000215241.4,-1.00885037,-2.039178151,9.223031932,0.002389894,0.995853392
ENSG00000286895.1,-0.961240679,-1.889324777,6.745354757,0.009399208,0.995853392
ENSG00000256188.3,-3.50789013,-4.906567702,4.853131048,0.027595996,0.995853392
ENSG00000179256.2,-4.066681015,-4.735182561,7.867110016,0.005034205,0.995853392
ENSG00000248100.2,-3.502043957,-4.907244232,4.839812279,0.027809922,0.995853392
ENSG00000187950.9,-3.481921499,-4.909873778,4.791532321,0.028599973,0.995853392
ENSG00000256987.1,-3.502043957,-4.907244232,4.839812279,0.027809922,0.995853392
ENSG00000287386.1,-3.587234846,-4.896614541,5.04585757,0.024684886,0.995853392
ENSG00000270429.1,-2.209640746,-4.266219992,5.596662432,0.017994727,0.995853392
ENSG00000258101.2,-0.89434003,-2.103961995,5.638051712,0.017574726,0.995853392
ENSG00000257605.4,-1.303694703,-2.961368562,5.102657717,0.023889213,0.995853392
ENSG00000282977.1,-2.235775447,-3.954029233,8.896942513,0.002856486,0.995853392
ENSG00000213352.3,-1.86319706,-3.906419632,7.351930941,0.006699077,0.995853392
ENSG00000177990.12,-0.660899412,-0.517321245,6.520551334,0.010663494,0.995853392
ENSG00000256670.1,-3.50789013,-4.906567702,4.853131048,0.027595996,0.995853392
ENSG00000256075.1,-4.065069887,-4.737150267,8.001701031,0.004673343,0.995853392
ENSG00000293270.1,-1.562106355,-3.69459244,6.716334187,0.009553379,0.995853392
ENSG00000111335.14,-2.56988827,-4.097998084,4.544151317,0.033031393,0.995853392
ENSG00000202538.1,-1.377960656,-3.952118298,4.077638928,0.043454339,0.995853392
ENSG00000213137.3,-3.822986598,-4.81607264,6.643252318,0.009953207,0.995853392
ENSG00000279527.1,-3.544318955,-4.901936967,4.941082552,0.026225606,0.995853392
ENSG00000181234.10,-0.714913556,-1.848188081,4.488979188,0.034114042,0.995853392
ENSG00000204603.7,-3.491967021,-4.908559441,4.815577273,0.028203623,0.995853392
ENSG00000223576.2,-3.823096955,-4.816748594,6.332659526,0.011853443,0.995853392
ENSG00000235205.1,-3.560549046,-4.899938097,4.980264172,0.025638068,0.995853392
ENSG00000229558.2,-1.675341023,-3.998238905,5.586331309,0.018101169,0.995853392
ENSG00000290660.1,-3.200445474,-4.99140684,3.853380955,0.04964582,0.995853392
ENSG00000123171.8,-2.632532994,-4.504599038,4.466893367,0.03455777,0.995853392
ENSG00000227969.1,-3.808130862,-4.817424261,4.09438151,0.043025969,0.995853392
ENSG00000224933.2,-2.454264103,-4.153019706,8.685481963,0.003207547,0.995853392
ENSG00000234377.8,-2.387014465,-4.581789441,4.872104357,0.027294198,0.995853392
ENSG00000230156.3,-3.518022864,-4.905251114,4.877673433,0.027206266,0.995853392
ENSG00000233644.1,-2.050281788,-4.048686531,7.394876182,0.006540993,0.995853392
ENSG00000238344.1,-3.528186561,-4.903933651,4.902409885,0.026819244,0.995853392
ENSG00000221977.3,-3.538380996,-4.902615314,4.927341888,0.02643495,0.995853392
ENSG00000211780.3,-2.564791571,-4.516515169,5.668216312,0.017275013,0.995853392
ENSG00000211799.3,-4.612844548,-4.51549974,10.73424175,0.001051711,0.995853392
ENSG00000211840.1,-3.544318955,-4.901936967,4.941082552,0.026225606,0.995853392
ENSG00000100884.10,-3.55456837,-4.900617246,4.966331333,0.025845412,0.995853392
ENSG00000100448.4,-3.799240385,-4.820034638,5.914850688,0.015013775,0.995853392
ENSG00000258525.2,-0.754684196,-2.008186432,4.0066991,0.045319796,0.995853392
ENSG00000240023.1,-1.574597465,-4.046246697,4.187439352,0.040724565,0.995853392
ENSG00000259017.1,-3.518022864,-4.905251114,4.877673433,0.027206266,0.995853392
ENSG00000276168.1,-1.017932893,3.285497825,4.20001489,0.040423624,0.995853392
ENSG00000258694.1,-3.512152107,-4.905928151,4.864238819,0.027418892,0.995853392
ENSG00000258926.2,-3.538380996,-4.902615314,4.927341888,0.02643495,0.995853392
ENSG00000258769.1,-3.011702247,-4.320777788,9.452530432,0.00210858,0.995853392
ENSG00000258646.1,-2.08800969,-4.32290198,5.5836247,0.018129163,0.995853392
ENSG00000206924.1,-3.522291259,-4.904611197,4.888858374,0.027030554,0.995853392
ENSG00000119715.15,-0.841888845,-2.427246635,5.030536531,0.024904182,0.995853392
ENSG00000187581.3,-2.604115365,-4.506535938,4.949596827,0.026096754,0.995853392
ENSG00000196136.18,-1.954307744,-3.860322951,6.313044852,0.011985283,0.995853392
ENSG00000242888.1,-3.799596005,-4.81872987,5.248518666,0.021965463,0.995853392
ENSG00000272533.1,-2.724637712,-4.44924859,6.562803757,0.010413217,0.995853392
ENSG00000291259.1,-0.938967272,-3.075021799,4.419604583,0.035528269,0.995853392
ENSG00000254398.1,-3.491967021,-4.908559441,4.815577273,0.028203623,0.995853392
ENSG00000259772.8,-1.88163074,-3.695292091,7.244698115,0.007111067,0.995853392
ENSG00000262728.6,-1.487710157,-3.588315436,5.641663435,0.017538559,0.995853392
ENSG00000184507.17,-5.3760552,-4.109251099,15.09989382,0.000101969,0.995853392
ENSG00000259380.6,-3.538380996,-4.902615314,4.927341888,0.02643495,0.995853392
ENSG00000243708.11,-1.650943816,-3.822126041,6.503757356,0.010764677,0.995853392
ENSG00000260170.1,-4.626149338,-4.51230699,11.01538455,0.000903588,0.995853392
ENSG00000200120.1,-3.502043957,-4.907244232,4.839812279,0.027809922,0.995853392
ENSG00000259306.2,-3.53409999,-4.903255813,4.916031868,0.026608565,0.995853392
ENSG00000276524.1,-2.1043271,-4.315407625,4.709673502,0.029993347,0.995853392
ENSG00000182625.3,-3.512152107,-4.905928151,4.864238819,0.027418892,0.995853392
ENSG00000171956.7,-4.474313703,-4.581154048,8.983436733,0.002724378,0.995853392
ENSG00000278737.1,-4.275422012,-4.659397613,9.339189317,0.002243047,0.995853392
ENSG00000260773.1,-1.682353737,-3.993689349,5.116237774,0.023702952,0.995853392
ENSG00000277152.1,-4.459789042,-4.583098673,7.94743636,0.004815554,0.995853392
ENSG00000259645.1,-4.051980785,-4.735234956,4.42146742,0.035489504,0.995853392
ENSG00000175202.6,-2.562379989,-4.513604071,4.780198731,0.028788798,0.995853392
ENSG00000286696.1,-2.879028575,-4.378390091,8.27846599,0.004011801,0.995853392
ENSG00000259361.7,-2.084368084,-4.321006632,4.938767753,0.026260752,0.995853392
ENSG00000276710.5,-1.273411843,-3.445366447,4.526349163,0.033376749,0.995853392
ENSG00000260608.1,-2.113302399,-4.314746056,4.379967808,0.036363684,0.995853392
ENSG00000213471.10,-3.53409999,-4.903255813,4.916031868,0.026608565,0.995853392
ENSG00000259177.1,-3.491967021,-4.908559441,4.815577273,0.028203623,0.995853392
ENSG00000285661.1,-3.50789013,-4.906567702,4.853131048,0.027595996,0.995853392
ENSG00000185594.7,-1.149178865,-2.682982852,4.368264078,0.036614274,0.995853392
ENSG00000259579.1,-3.522291259,-4.904611197,4.888858374,0.027030554,0.995853392
ENSG00000279588.2,-3.481921499,-4.909873778,4.791532321,0.028599973,0.995853392
ENSG00000284395.2,-1.094752878,-2.777725396,3.874488685,0.049025241,0.995853392
ENSG00000261430.1,-3.491967021,-4.908559441,4.815577273,0.028203623,0.995853392
ENSG00000293423.1,-1.637442505,-3.658041934,6.462452328,0.011017749,0.995853392
ENSG00000276096.1,-2.107967905,-4.315980132,4.291522668,0.038302848,0.995853392
ENSG00000261056.2,-1.047053118,-3.018066575,4.202054722,0.04037503,0.995853392
ENSG00000261611.6,-2.390366475,-4.580234755,4.75702882,0.029178876,0.995853392
ENSG00000279591.1,-3.560549046,-4.899938097,4.980264172,0.025638068,0.995853392
ENSG00000284484.1,-1.571023791,-4.047186955,4.179611049,0.040913089,0.995853392
ENSG00000274134.1,-3.200445474,-4.99140684,3.853380955,0.04964582,0.995853392
ENSG00000268078.1,-3.200445474,-4.99140684,3.853380955,0.04964582,0.995853392
ENSG00000261692.1,-3.528186561,-4.903933651,4.902409885,0.026819244,0.995853392
ENSG00000280136.2,-2.563998721,-4.51612639,5.661197201,0.01734428,0.995853392
ENSG00000184166.3,-3.200445474,-4.99140684,3.853380955,0.04964582,0.995853392
ENSG00000289984.1,-0.84086597,-2.732787238,4.27629049,0.038647606,0.995853392
ENSG00000285541.1,-3.53409999,-4.903255813,4.916031868,0.026608565,0.995853392
ENSG00000290976.1,-3.512152107,-4.905928151,4.864238819,0.027418892,0.995853392
ENSG00000228725.3,-3.5708531,-4.89861699,5.005834084,0.025262028,0.995853392
ENSG00000267644.1,-3.55456837,-4.900617246,4.966331333,0.025845412,0.995853392
ENSG00000267547.1,-0.677916572,-1.678610688,4.164471161,0.041280298,0.995853392
ENSG00000222881.1,-3.512152107,-4.905928151,4.864238819,0.027418892,0.995853392
ENSG00000278829.1,-1.158869303,-3.120137161,3.863698893,0.049341437,0.995853392
ENSG00000131482.10,-3.883883291,-4.811470042,5.659103425,0.017364998,0.995853392
ENSG00000288909.2,-2.569680531,-4.514197255,5.932569473,0.014863554,0.995853392
ENSG00000240589.3,-3.491967021,-4.908559441,4.815577273,0.028203623,0.995853392
ENSG00000289599.2,-2.727480768,-4.446667288,5.866201735,0.015434318,0.995853392
ENSG00000173868.12,-1.441380836,-3.477428367,6.638475532,0.00997993,0.995853392
ENSG00000278963.1,-3.823096955,-4.816748594,6.332659526,0.011853443,0.995853392
ENSG00000270553.1,-3.55456837,-4.900617246,4.966331333,0.025845412,0.995853392
ENSG00000277463.1,-3.50789013,-4.906567702,4.853131048,0.027595996,0.995853392
ENSG00000265982.1,-2.358822928,-4.200883207,6.286594743,0.012165456,0.995853392
ENSG00000266644.1,-2.397303501,-4.580513159,4.17802503,0.040951396,0.995853392
ENSG00000154262.13,-1.154914271,-3.203048226,6.092525198,0.013575493,0.995853392
ENSG00000267603.1,-4.460610757,-4.583702121,10.85107113,0.000987386,0.995853392
ENSG00000206713.1,-3.200445474,-4.99140684,3.853380955,0.04964582,0.995853392
ENSG00000267426.5,-4.637268811,-4.511043213,9.351158677,0.002228445,0.995853392
ENSG00000186919.13,-0.844797915,-2.675819125,4.104659674,0.042765198,0.995853392
ENSG00000279382.1,-0.765012034,-1.331732853,4.914169567,0.026637265,0.995853392
ENSG00000167895.16,-1.250858384,-2.048980428,11.19637982,0.000819571,0.995853392
ENSG00000279339.1,-1.712753297,-4.201861886,4.6220765,0.031563006,0.995853392
ENSG00000279187.1,-1.404979205,-3.773486931,5.155742453,0.023169628,0.995853392
ENSG00000278876.1,-1.276356932,-3.695999156,3.927216716,0.047510515,0.995853392
ENSG00000265678.1,-0.78862014,-2.171220331,3.902529589,0.048213462,0.995853392
ENSG00000261520.5,-3.820737659,-4.8180547,6.7200275,0.009533616,0.995853392
ENSG00000251897.1,-1.713367479,-4.203360583,4.526334761,0.03337703,0.995853392
ENSG00000264188.1,-1.240715084,-3.584136828,4.95715917,0.025982859,0.995853392
ENSG00000221493.1,-3.538380996,-4.902615314,4.927341888,0.02643495,0.995853392
ENSG00000286559.1,-3.200445474,-4.99140684,3.853380955,0.04964582,0.995853392
ENSG00000280335.1,-3.808130862,-4.817424261,4.09438151,0.043025969,0.995853392
ENSG00000287381.1,-3.55456837,-4.900617246,4.966331333,0.025845412,0.995853392
ENSG00000287646.1,-1.098798248,-3.239345888,4.968498555,0.025813046,0.995853392
ENSG00000130383.7,-3.50789013,-4.906567702,4.853131048,0.027595996,0.995853392
ENSG00000214248.2,-1.566988817,-4.050739102,4.408703773,0.035756001,0.995853392
ENSG00000267289.1,-2.386935313,-4.583454173,4.883222787,0.02711894,0.995853392
ENSG00000268870.1,-3.55456837,-4.900617246,4.966331333,0.025845412,0.995853392
ENSG00000039987.7,-1.94200177,-4.379670782,4.59516693,0.03206222,0.995853392
ENSG00000132026.15,-1.676774682,-3.996855498,4.804481297,0.028385811,0.995853392
ENSG00000275091.1,-1.378009053,-3.952119671,4.171860152,0.041100652,0.995853392
ENSG00000214049.8,-1.941886057,-4.381964448,4.609828219,0.031789218,0.995853392
ENSG00000279717.1,-3.522291259,-4.904611197,4.888858374,0.027030554,0.995853392
ENSG00000213985.4,-0.775826181,-2.215047884,4.383762389,0.036282824,0.995853392
ENSG00000280171.1,-2.205470739,-4.266124302,5.632236759,0.017633118,0.995853392
ENSG00000268416.1,-3.481921499,-4.909873778,4.791532321,0.028599973,0.995853392
ENSG00000293089.1,-1.126578423,-2.971075645,5.176394692,0.022895784,0.995853392
ENSG00000267264.1,-1.016561874,-2.959779868,4.152420962,0.041575042,0.995853392
ENSG00000269086.3,-0.878019458,-2.712211847,4.132342886,0.042071066,0.995853392
ENSG00000269037.1,-3.587234846,-4.896614541,5.04585757,0.024684886,0.995853392
ENSG00000227392.3,-0.984024777,-1.945910086,7.841302079,0.005106581,0.995853392
ENSG00000232680.2,-2.674879494,-4.45338325,4.345862313,0.037098976,0.995853392
ENSG00000188508.11,-0.989545616,-2.771887815,4.529113298,0.033322879,0.995853392
ENSG00000267682.1,-1.481495307,-3.739517594,5.369232411,0.020494995,0.995853392
ENSG00000287496.1,-1.337653524,-3.297383408,5.033646481,0.024859505,0.995853392
ENSG00000277744.1,-1.941892824,-4.379672231,4.609860242,0.031788624,0.995853392
ENSG00000289298.2,-4.069028295,-4.734561186,7.055917601,0.007900383,0.995853392
ENSG00000213892.12,-3.512152107,-4.905928151,4.864238819,0.027418892,0.995853392
ENSG00000269656.1,-0.907925045,-1.70334772,6.254010044,0.012391248,0.995853392
ENSG00000259009.5,-3.522291259,-4.904611197,4.888858374,0.027030554,0.995853392
ENSG00000189348.7,-2.0352133,-3.128108793,15.33612822,8.99791663007706e-05,0.995853392
ENSG00000269118.3,-1.395551228,-3.627530134,3.879388755,0.048882351,0.995853392
ENSG00000232528.4,-1.642287055,-3.824047921,5.803515712,0.015994163,0.995853392
ENSG00000088827.14,-3.820737659,-4.8180547,6.7200275,0.009533616,0.995853392
ENSG00000276768.1,-3.820129293,-4.817379241,5.813832169,0.015900608,0.995853392
ENSG00000226263.1,-3.820737659,-4.8180547,6.7200275,0.009533616,0.995853392
ENSG00000101463.6,-1.178611935,-2.0929808,9.931297541,0.001624919,0.995853392
ENSG00000264616.1,-3.200445474,-4.99140684,3.853380955,0.04964582,0.995853392
ENSG00000237595.7,-1.091074671,-3.153412748,5.412403084,0.019994173,0.995853392
ENSG00000124089.4,-3.560549046,-4.899938097,4.980264172,0.025638068,0.995853392
ENSG00000288086.1,-2.390366475,-4.580234755,4.75702882,0.029178876,0.995853392
ENSG00000268649.5,-1.187090016,-3.384963897,5.019880591,0.025057897,0.995853392
ENSG00000216031.1,-3.538380996,-4.902615314,4.927341888,0.02643495,0.995853392
ENSG00000228812.9,-4.318302113,-4.650952283,8.249761709,0.004075735,0.995853392
ENSG00000231755.1,-3.823096955,-4.816748594,6.332659526,0.011853443,0.995853392
ENSG00000171189.18,-1.107882936,-1.550596234,9.492402224,0.002063245,0.995853392
ENSG00000170262.13,-3.141369513,-4.260434058,7.488321972,0.00621004,0.995853392
ENSG00000184385.2,-2.095036627,-4.318640902,5.004474619,0.025281876,0.995853392
ENSG00000289857.1,-1.422153055,-2.872708887,7.027063389,0.008028691,0.995853392
ENSG00000289481.2,-3.883883291,-4.811470042,5.659103425,0.017364998,0.995853392
ENSG00000211648.2,-3.502043957,-4.907244232,4.839812279,0.027809922,0.995853392
ENSG00000275609.1,-1.946305136,-4.097507924,6.440217014,0.011156502,0.995853392
ENSG00000223704.2,-1.083356182,-2.994692109,4.938935862,0.026258198,0.995853392
ENSG00000273216.1,-4.074791897,-4.732590889,7.711779686,0.005486164,0.995853392
ENSG00000176635.18,-2.376752392,-4.586278401,4.474418943,0.034405899,0.995853392
ENSG00000230741.1,-4.12319374,-4.728644091,6.876770685,0.00873232,0.995853392
ENSG00000128310.3,-4.036969056,-4.739115911,6.929462638,0.008478716,0.995853392
ENSG00000225528.4,-0.802734918,-2.754181167,4.041369358,0.044397782,0.995853392
ENSG00000235568.7,-0.61484003,-1.054594115,5.020162775,0.025053814,0.995853392
ENSG00000224856.2,-2.625624302,-4.087106361,6.543380579,0.010527511,0.995853392
ENSG00000282840.1,-4.477282529,-4.578535776,10.05748079,0.001517306,0.995853392
ENSG00000289122.2,-1.0470928,-3.172351239,4.617200909,0.031652851,0.995853392
ENSG00000236393.2,-4.755045694,-4.451128664,12.34079189,0.000443167,0.995853392
ENSG00000206685.1,-1.937152715,-4.385110071,4.350823351,0.036991059,0.995853392
ENSG00000231944.1,-3.53409999,-4.903255813,4.916031868,0.026608565,0.995853392
ENSG00000174016.11,-1.043709085,-3.174960748,4.878898586,0.027186962,0.995853392
ENSG00000204086.4,-2.027936117,-3.820212844,8.831101839,0.002961395,0.995853392
ENSG00000257529.5,-1.948414025,-4.096598147,5.170739945,0.02297043,0.995853392
ENSG00000102128.8,-4.455168589,-4.585644318,10.25381149,0.001364025,0.995853392
ENSG00000237757.2,-4.0657145,-4.735856131,7.912602903,0.004909158,0.995853392
ENSG00000229562.1,-4.067256889,-4.73388713,8.138519371,0.004333465,0.995853392
ENSG00000291034.1,-2.469089175,-3.152226315,4.743628654,0.029406983,0.995853392
